environment,method,adaptation_seed,projection_seed,horizon,metric,estimate,low,high,n_tasks,n_bootstrap,task_means_json
PushT,fidelity_constrained_latent_only,11401,15001,1,normalized_regret,0.2827719264012551,0.12273108559300601,0.38773911922615634,3,2000,"{""1"": 0.38773911922615634, ""2"": 0.33784557438460283, ""6"": 0.12273108559300602}"
PushT,fidelity_constrained_latent_only,11401,15001,1,weighted_pairwise_accuracy,0.5315460707054621,0.4452751010278006,0.6524430171549597,3,2000,"{""1"": 0.4452751010278006, ""2"": 0.49692009393362635, ""6"": 0.6524430171549597}"
PushT,fidelity_constrained_latent_only,11401,15001,1,top1_correct,0.4166666666666667,0.375,0.5,3,2000,"{""1"": 0.375, ""2"": 0.375, ""6"": 0.5}"
PushT,fidelity_constrained_latent_only,11401,15001,1,normalized_margin_rmse,3.924734382656414,1.625995071500468,7.004302772712644,3,2000,"{""1"": 1.625995071500468, ""2"": 7.004302772712644, ""6"": 3.1439053037561306}"
PushT,fidelity_constrained_latent_only,11401,15001,1,pose_error,0.08179534349545922,0.06851761669726439,0.08927736110363566,3,2000,"{""1"": 0.08927736110363566, ""2"": 0.08759105268547762, ""6"": 0.06851761669726439}"
PushT,fidelity_constrained_latent_only,11401,15001,1,selected_is_null,0.125,0.0,0.25,3,2000,"{""1"": 0.125, ""2"": 0.0, ""6"": 0.25}"
PushT,fidelity_constrained_latent_only,11401,15001,3,normalized_regret,0.24542727873088566,0.15384318711925005,0.36900977522639805,3,2000,"{""1"": 0.21342887384700893, ""2"": 0.369009775226398, ""6"": 0.15384318711925005}"
PushT,fidelity_constrained_latent_only,11401,15001,3,weighted_pairwise_accuracy,0.709931883768601,0.6369520307125085,0.8013396193902267,3,2000,"{""1"": 0.6915040012030675, ""2"": 0.6369520307125085, ""6"": 0.8013396193902267}"
PushT,fidelity_constrained_latent_only,11401,15001,3,top1_correct,0.375,0.25,0.5,3,2000,"{""1"": 0.375, ""2"": 0.25, ""6"": 0.5}"
PushT,fidelity_constrained_latent_only,11401,15001,3,normalized_margin_rmse,1.1714562338138315,0.951240931535002,1.508656240538473,3,2000,"{""1"": 1.054471529368019, ""2"": 1.508656240538473, ""6"": 0.9512409315350021}"
PushT,fidelity_constrained_latent_only,11401,15001,3,pose_error,0.09509879242575152,0.0835196790142347,0.11741571065927854,3,2000,"{""1"": 0.0843609876037413, ""2"": 0.11741571065927855, ""6"": 0.0835196790142347}"
PushT,fidelity_constrained_latent_only,11401,15001,3,selected_is_null,0.0,0.0,0.0,3,2000,"{""1"": 0.0, ""2"": 0.0, ""6"": 0.0}"
PushT,fidelity_constrained_latent_only,11401,15001,6,normalized_regret,0.245669514702432,0.03941563946036687,0.38479144784406755,3,2000,"{""1"": 0.38479144784406755, ""2"": 0.31280145680286153, ""6"": 0.03941563946036687}"
PushT,fidelity_constrained_latent_only,11401,15001,6,weighted_pairwise_accuracy,0.7151884548639346,0.6379655831523305,0.8630689497199677,3,2000,"{""1"": 0.6379655831523305, ""2"": 0.6445308317195056, ""6"": 0.8630689497199677}"
PushT,fidelity_constrained_latent_only,11401,15001,6,top1_correct,0.4166666666666667,0.25,0.75,3,2000,"{""1"": 0.25, ""2"": 0.25, ""6"": 0.75}"
PushT,fidelity_constrained_latent_only,11401,15001,6,normalized_margin_rmse,1.0730857734429529,0.9125850248632985,1.197794510073904,3,2000,"{""1"": 1.108877785391656, ""2"": 1.197794510073904, ""6"": 0.9125850248632985}"
PushT,fidelity_constrained_latent_only,11401,15001,6,pose_error,0.12319232656527092,0.1147650541633714,0.13931625816775672,3,2000,"{""1"": 0.1147650541633714, ""2"": 0.13931625816775672, ""6"": 0.11549566736468464}"
PushT,fidelity_constrained_latent_only,11401,15001,6,selected_is_null,0.0,0.0,0.0,3,2000,"{""1"": 0.0, ""2"": 0.0, ""6"": 0.0}"
PushT,fidelity_constrained_latent_only,11419,15001,1,normalized_regret,0.2827719264012551,0.12273108559300601,0.38773911922615634,3,2000,"{""1"": 0.38773911922615634, ""2"": 0.33784557438460283, ""6"": 0.12273108559300602}"
PushT,fidelity_constrained_latent_only,11419,15001,1,weighted_pairwise_accuracy,0.5412626086467237,0.4459270755652868,0.6808219125039706,3,2000,"{""1"": 0.4459270755652868, ""2"": 0.49703883787091374, ""6"": 0.6808219125039707}"
PushT,fidelity_constrained_latent_only,11419,15001,1,top1_correct,0.4166666666666667,0.375,0.5,3,2000,"{""1"": 0.375, ""2"": 0.375, ""6"": 0.5}"
PushT,fidelity_constrained_latent_only,11419,15001,1,normalized_margin_rmse,3.8811131024108767,1.605433063052704,6.881038968360262,3,2000,"{""1"": 1.605433063052704, ""2"": 6.881038968360262, ""6"": 3.1568672758196645}"
PushT,fidelity_constrained_latent_only,11419,15001,1,pose_error,0.08119425539463956,0.06700348819144625,0.0886930268476465,3,2000,"{""1"": 0.0886930268476465, ""2"": 0.08788625114482594, ""6"": 0.06700348819144625}"
PushT,fidelity_constrained_latent_only,11419,15001,1,selected_is_null,0.125,0.0,0.25,3,2000,"{""1"": 0.125, ""2"": 0.0, ""6"": 0.25}"
PushT,fidelity_constrained_latent_only,11419,15001,3,normalized_regret,0.24542727873088566,0.15384318711925005,0.36900977522639805,3,2000,"{""1"": 0.21342887384700893, ""2"": 0.369009775226398, ""6"": 0.15384318711925005}"
PushT,fidelity_constrained_latent_only,11419,15001,3,weighted_pairwise_accuracy,0.7128433832096848,0.6415315883714705,0.8128237418466672,3,2000,"{""1"": 0.6841748194109168, ""2"": 0.6415315883714705, ""6"": 0.8128237418466673}"
PushT,fidelity_constrained_latent_only,11419,15001,3,top1_correct,0.375,0.25,0.5,3,2000,"{""1"": 0.375, ""2"": 0.25, ""6"": 0.5}"
PushT,fidelity_constrained_latent_only,11419,15001,3,normalized_margin_rmse,1.1644997711813665,0.9356591506114073,1.5092311930870264,3,2000,"{""1"": 1.048608969845666, ""2"": 1.5092311930870264, ""6"": 0.9356591506114073}"
PushT,fidelity_constrained_latent_only,11419,15001,3,pose_error,0.09488066268621494,0.08281945230911716,0.11800663387948378,3,2000,"{""1"": 0.08381590187004394, ""2"": 0.11800663387948376, ""6"": 0.08281945230911716}"
PushT,fidelity_constrained_latent_only,11419,15001,3,selected_is_null,0.0,0.0,0.0,3,2000,"{""1"": 0.0, ""2"": 0.0, ""6"": 0.0}"
PushT,fidelity_constrained_latent_only,11419,15001,6,normalized_regret,0.21912344691175875,0.03941563946036687,0.38479144784406755,3,2000,"{""1"": 0.38479144784406755, ""2"": 0.23316325343084185, ""6"": 0.03941563946036687}"
PushT,fidelity_constrained_latent_only,11419,15001,6,weighted_pairwise_accuracy,0.7163667362694291,0.6334381623174219,0.8689019408962779,3,2000,"{""1"": 0.6334381623174219, ""2"": 0.6467601055945874, ""6"": 0.8689019408962779}"
PushT,fidelity_constrained_latent_only,11419,15001,6,top1_correct,0.4166666666666667,0.25,0.75,3,2000,"{""1"": 0.25, ""2"": 0.25, ""6"": 0.75}"
PushT,fidelity_constrained_latent_only,11419,15001,6,normalized_margin_rmse,1.064273467447921,0.8921043545660355,1.1964753102432961,3,2000,"{""1"": 1.104240737534432, ""2"": 1.1964753102432961, ""6"": 0.8921043545660355}"
PushT,fidelity_constrained_latent_only,11419,15001,6,pose_error,0.12300099822633516,0.11432972540725524,0.14001268722298343,3,2000,"{""1"": 0.11432972540725525, ""2"": 0.14001268722298343, ""6"": 0.11466058204876678}"
PushT,fidelity_constrained_latent_only,11419,15001,6,selected_is_null,0.0,0.0,0.0,3,2000,"{""1"": 0.0, ""2"": 0.0, ""6"": 0.0}"
PushT,fidelity_constrained_latent_only,11437,15001,1,normalized_regret,0.2827719264012551,0.12273108559300601,0.38773911922615634,3,2000,"{""1"": 0.38773911922615634, ""2"": 0.33784557438460283, ""6"": 0.12273108559300602}"
PushT,fidelity_constrained_latent_only,11437,15001,1,weighted_pairwise_accuracy,0.5388375144844074,0.46384556738461646,0.659614611001623,3,2000,"{""1"": 0.46384556738461646, ""2"": 0.49305236506698263, ""6"": 0.659614611001623}"
PushT,fidelity_constrained_latent_only,11437,15001,1,top1_correct,0.4166666666666667,0.375,0.5,3,2000,"{""1"": 0.375, ""2"": 0.375, ""6"": 0.5}"
PushT,fidelity_constrained_latent_only,11437,15001,1,normalized_margin_rmse,3.906690884375189,1.598306055351422,6.939907303037647,3,2000,"{""1"": 1.598306055351422, ""2"": 6.939907303037648, ""6"": 3.1818592947364954}"
PushT,fidelity_constrained_latent_only,11437,15001,1,pose_error,0.08118178183054188,0.0674706734170552,0.08818139724302669,3,2000,"{""1"": 0.08818139724302668, ""2"": 0.08789327483154374, ""6"": 0.0674706734170552}"
PushT,fidelity_constrained_latent_only,11437,15001,1,selected_is_null,0.125,0.0,0.25,3,2000,"{""1"": 0.125, ""2"": 0.0, ""6"": 0.25}"
PushT,fidelity_constrained_latent_only,11437,15001,3,normalized_regret,0.24542727873088566,0.15384318711925005,0.36900977522639805,3,2000,"{""1"": 0.21342887384700893, ""2"": 0.369009775226398, ""6"": 0.15384318711925005}"
PushT,fidelity_constrained_latent_only,11437,15001,3,weighted_pairwise_accuracy,0.7210479010216017,0.6541528280967182,0.8147454462214111,3,2000,"{""1"": 0.6942454287466755, ""2"": 0.6541528280967182, ""6"": 0.8147454462214111}"
PushT,fidelity_constrained_latent_only,11437,15001,3,top1_correct,0.375,0.25,0.5,3,2000,"{""1"": 0.375, ""2"": 0.25, ""6"": 0.5}"
PushT,fidelity_constrained_latent_only,11437,15001,3,normalized_margin_rmse,1.162771783414914,0.943413261444484,1.5013547920969337,3,2000,"{""1"": 1.0435472967033244, ""2"": 1.5013547920969337, ""6"": 0.943413261444484}"
PushT,fidelity_constrained_latent_only,11437,15001,3,pose_error,0.0950973510438683,0.08335800838451511,0.11810131614291647,3,2000,"{""1"": 0.08383272860417328, ""2"": 0.11810131614291647, ""6"": 0.08335800838451511}"
PushT,fidelity_constrained_latent_only,11437,15001,3,selected_is_null,0.0,0.0,0.0,3,2000,"{""1"": 0.0, ""2"": 0.0, ""6"": 0.0}"
PushT,fidelity_constrained_latent_only,11437,15001,6,normalized_regret,0.21912344691175875,0.03941563946036687,0.38479144784406755,3,2000,"{""1"": 0.38479144784406755, ""2"": 0.23316325343084185, ""6"": 0.03941563946036687}"
PushT,fidelity_constrained_latent_only,11437,15001,6,weighted_pairwise_accuracy,0.7169025994632423,0.6443575483377341,0.8593659494171767,3,2000,"{""1"": 0.6443575483377341, ""2"": 0.6469843006348162, ""6"": 0.8593659494171767}"
PushT,fidelity_constrained_latent_only,11437,15001,6,top1_correct,0.4166666666666667,0.25,0.75,3,2000,"{""1"": 0.25, ""2"": 0.25, ""6"": 0.75}"
PushT,fidelity_constrained_latent_only,11437,15001,6,normalized_margin_rmse,1.0667184008763486,0.9011824424944659,1.1961582216003739,3,2000,"{""1"": 1.1028145385342059, ""2"": 1.1961582216003739, ""6"": 0.9011824424944659}"
PushT,fidelity_constrained_latent_only,11437,15001,6,pose_error,0.12306303317750318,0.11435632025161317,0.13994339720933519,3,2000,"{""1"": 0.11435632025161316, ""2"": 0.13994339720933519, ""6"": 0.11488938207156121}"
PushT,fidelity_constrained_latent_only,11437,15001,6,selected_is_null,0.0,0.0,0.0,3,2000,"{""1"": 0.0, ""2"": 0.0, ""6"": 0.0}"
PushT,fidelity_constrained_matched_geometry,11401,15001,1,normalized_regret,0.28556686162654066,0.12273108559300601,0.3775531950110061,3,2000,"{""1"": 0.37755319501100615, ""2"": 0.3564163042756098, ""6"": 0.12273108559300602}"
PushT,fidelity_constrained_matched_geometry,11401,15001,1,weighted_pairwise_accuracy,0.5668074731826072,0.4832301951620123,0.699529270710359,3,2000,"{""1"": 0.4832301951620123, ""2"": 0.5176629536754501, ""6"": 0.699529270710359}"
PushT,fidelity_constrained_matched_geometry,11401,15001,1,top1_correct,0.4583333333333333,0.375,0.5,3,2000,"{""1"": 0.5, ""2"": 0.375, ""6"": 0.5}"
PushT,fidelity_constrained_matched_geometry,11401,15001,1,normalized_margin_rmse,3.1659601442903216,1.5342694990734056,4.937277367031639,3,2000,"{""1"": 1.5342694990734056, ""2"": 4.937277367031639, ""6"": 3.026333566765919}"
PushT,fidelity_constrained_matched_geometry,11401,15001,1,pose_error,0.08080515527633951,0.06599232336164915,0.08899037718294715,3,2000,"{""1"": 0.08743276528442226, ""2"": 0.08899037718294714, ""6"": 0.06599232336164915}"
PushT,fidelity_constrained_matched_geometry,11401,15001,1,selected_is_null,0.08333333333333333,0.0,0.125,3,2000,"{""1"": 0.125, ""2"": 0.0, ""6"": 0.125}"
PushT,fidelity_constrained_matched_geometry,11401,15001,3,normalized_regret,0.22559830729036742,0.09435627279769537,0.36900977522639805,3,2000,"{""1"": 0.21342887384700893, ""2"": 0.369009775226398, ""6"": 0.09435627279769537}"
PushT,fidelity_constrained_matched_geometry,11401,15001,3,weighted_pairwise_accuracy,0.7265680915664948,0.6471143322048876,0.8348817499687856,3,2000,"{""1"": 0.6977081925258111, ""2"": 0.6471143322048876, ""6"": 0.8348817499687857}"
PushT,fidelity_constrained_matched_geometry,11401,15001,3,top1_correct,0.375,0.25,0.5,3,2000,"{""1"": 0.375, ""2"": 0.25, ""6"": 0.5}"
PushT,fidelity_constrained_matched_geometry,11401,15001,3,normalized_margin_rmse,1.163552749384842,0.9102188439308817,1.5389631234588255,3,2000,"{""1"": 1.0414762807648188, ""2"": 1.5389631234588257, ""6"": 0.9102188439308818}"
PushT,fidelity_constrained_matched_geometry,11401,15001,3,pose_error,0.095094314626866,0.08185539925589104,0.12023645976408616,3,2000,"{""1"": 0.08319108486062082, ""2"": 0.12023645976408616, ""6"": 0.08185539925589104}"
PushT,fidelity_constrained_matched_geometry,11401,15001,3,selected_is_null,0.0,0.0,0.0,3,2000,"{""1"": 0.0, ""2"": 0.0, ""6"": 0.0}"
PushT,fidelity_constrained_matched_geometry,11401,15001,6,normalized_regret,0.28115882453574137,0.14588356896029495,0.38479144784406755,3,2000,"{""1"": 0.38479144784406755, ""2"": 0.31280145680286153, ""6"": 0.14588356896029495}"
PushT,fidelity_constrained_matched_geometry,11401,15001,6,weighted_pairwise_accuracy,0.7109753344415216,0.635010198598918,0.8386402068879057,3,2000,"{""1"": 0.6592755978377409, ""2"": 0.635010198598918, ""6"": 0.8386402068879057}"
PushT,fidelity_constrained_matched_geometry,11401,15001,6,top1_correct,0.375,0.25,0.625,3,2000,"{""1"": 0.25, ""2"": 0.25, ""6"": 0.625}"
PushT,fidelity_constrained_matched_geometry,11401,15001,6,normalized_margin_rmse,1.0390031528633503,0.8741013216862279,1.185209314239271,3,2000,"{""1"": 1.0576988226645523, ""2"": 1.185209314239271, ""6"": 0.8741013216862279}"
PushT,fidelity_constrained_matched_geometry,11401,15001,6,pose_error,0.12101551784420506,0.11180226336922426,0.1378559893054475,3,2000,"{""1"": 0.11180226336922426, ""2"": 0.1378559893054475, ""6"": 0.1133883008579434}"
PushT,fidelity_constrained_matched_geometry,11401,15001,6,selected_is_null,0.0,0.0,0.0,3,2000,"{""1"": 0.0, ""2"": 0.0, ""6"": 0.0}"
PushT,fidelity_constrained_matched_geometry,11419,15001,1,normalized_regret,0.28556686162654066,0.12273108559300601,0.3775531950110061,3,2000,"{""1"": 0.37755319501100615, ""2"": 0.3564163042756098, ""6"": 0.12273108559300602}"
PushT,fidelity_constrained_matched_geometry,11419,15001,1,weighted_pairwise_accuracy,0.5608886005974297,0.4832301951620123,0.6856403818214701,3,2000,"{""1"": 0.4832301951620123, ""2"": 0.5137952248088065, ""6"": 0.6856403818214701}"
PushT,fidelity_constrained_matched_geometry,11419,15001,1,top1_correct,0.4583333333333333,0.375,0.5,3,2000,"{""1"": 0.5, ""2"": 0.375, ""6"": 0.5}"
PushT,fidelity_constrained_matched_geometry,11419,15001,1,normalized_margin_rmse,3.158551552638537,1.5291824993401104,4.944422734982484,3,2000,"{""1"": 1.5291824993401104, ""2"": 4.944422734982484, ""6"": 3.0020494235930166}"
PushT,fidelity_constrained_matched_geometry,11419,15001,1,pose_error,0.08085090973106254,0.06588912927351209,0.08907849479470203,3,2000,"{""1"": 0.0875851051249735, ""2"": 0.08907849479470203, ""6"": 0.06588912927351209}"
PushT,fidelity_constrained_matched_geometry,11419,15001,1,selected_is_null,0.125,0.0,0.25,3,2000,"{""1"": 0.125, ""2"": 0.0, ""6"": 0.25}"
PushT,fidelity_constrained_matched_geometry,11419,15001,3,normalized_regret,0.22559830729036742,0.09435627279769537,0.36900977522639805,3,2000,"{""1"": 0.21342887384700893, ""2"": 0.369009775226398, ""6"": 0.09435627279769537}"
PushT,fidelity_constrained_matched_geometry,11419,15001,3,weighted_pairwise_accuracy,0.7248185879896525,0.641865821474361,0.8348817499687856,3,2000,"{""1"": 0.6977081925258111, ""2"": 0.641865821474361, ""6"": 0.8348817499687857}"
PushT,fidelity_constrained_matched_geometry,11419,15001,3,top1_correct,0.375,0.25,0.5,3,2000,"{""1"": 0.375, ""2"": 0.25, ""6"": 0.5}"
PushT,fidelity_constrained_matched_geometry,11419,15001,3,normalized_margin_rmse,1.1627610463582274,0.9098941536247341,1.537612873544421,3,2000,"{""1"": 1.0407761119055272, ""2"": 1.537612873544421, ""6"": 0.909894153624734}"
PushT,fidelity_constrained_matched_geometry,11419,15001,3,pose_error,0.0950737323270872,0.08185715657758251,0.12037736242262957,3,2000,"{""1"": 0.08298667798104949, ""2"": 0.12037736242262956, ""6"": 0.08185715657758251}"
PushT,fidelity_constrained_matched_geometry,11419,15001,3,selected_is_null,0.0,0.0,0.0,3,2000,"{""1"": 0.0, ""2"": 0.0, ""6"": 0.0}"
PushT,fidelity_constrained_matched_geometry,11419,15001,6,normalized_regret,0.28115882453574137,0.14588356896029495,0.38479144784406755,3,2000,"{""1"": 0.38479144784406755, ""2"": 0.31280145680286153, ""6"": 0.14588356896029495}"
PushT,fidelity_constrained_matched_geometry,11419,15001,6,weighted_pairwise_accuracy,0.7123441978272563,0.6372830916589562,0.8404739039850719,3,2000,"{""1"": 0.6592755978377409, ""2"": 0.6372830916589562, ""6"": 0.8404739039850719}"
PushT,fidelity_constrained_matched_geometry,11419,15001,6,top1_correct,0.375,0.25,0.625,3,2000,"{""1"": 0.25, ""2"": 0.25, ""6"": 0.625}"
PushT,fidelity_constrained_matched_geometry,11419,15001,6,normalized_margin_rmse,1.0368665806995572,0.8699294532570545,1.182138925287818,3,2000,"{""1"": 1.0585313635537992, ""2"": 1.182138925287818, ""6"": 0.8699294532570545}"
PushT,fidelity_constrained_matched_geometry,11419,15001,6,pose_error,0.12104482500156499,0.1117997499326479,0.13799964040794532,3,2000,"{""1"": 0.1117997499326479, ""2"": 0.13799964040794532, ""6"": 0.11333508466410172}"
PushT,fidelity_constrained_matched_geometry,11419,15001,6,selected_is_null,0.0,0.0,0.0,3,2000,"{""1"": 0.0, ""2"": 0.0, ""6"": 0.0}"
PushT,fidelity_constrained_matched_geometry,11437,15001,1,normalized_regret,0.28556686162654066,0.12273108559300601,0.3775531950110061,3,2000,"{""1"": 0.37755319501100615, ""2"": 0.3564163042756098, ""6"": 0.12273108559300602}"
PushT,fidelity_constrained_matched_geometry,11437,15001,1,weighted_pairwise_accuracy,0.5716740451881318,0.48926229749984,0.711964613255749,3,2000,"{""1"": 0.48926229749984, ""2"": 0.5137952248088065, ""6"": 0.7119646132557491}"
PushT,fidelity_constrained_matched_geometry,11437,15001,1,top1_correct,0.4583333333333333,0.375,0.5,3,2000,"{""1"": 0.5, ""2"": 0.375, ""6"": 0.5}"
PushT,fidelity_constrained_matched_geometry,11437,15001,1,normalized_margin_rmse,3.253852976660411,1.5197234622352163,5.231814382224164,3,2000,"{""1"": 1.5197234622352163, ""2"": 5.231814382224164, ""6"": 3.010021085521852}"
PushT,fidelity_constrained_matched_geometry,11437,15001,1,pose_error,0.08161861266030603,0.06688702856957122,0.08910971215748191,3,2000,"{""1"": 0.08885909725386494, ""2"": 0.08910971215748191, ""6"": 0.06688702856957122}"
PushT,fidelity_constrained_matched_geometry,11437,15001,1,selected_is_null,0.125,0.0,0.25,3,2000,"{""1"": 0.125, ""2"": 0.0, ""6"": 0.25}"
PushT,fidelity_constrained_matched_geometry,11437,15001,3,normalized_regret,0.22559830729036742,0.09435627279769537,0.36900977522639805,3,2000,"{""1"": 0.21342887384700893, ""2"": 0.369009775226398, ""6"": 0.09435627279769537}"
PushT,fidelity_constrained_matched_geometry,11437,15001,3,weighted_pairwise_accuracy,0.7228215287132252,0.6397479621658488,0.8348817499687856,3,2000,"{""1"": 0.6938348740050408, ""2"": 0.6397479621658488, ""6"": 0.8348817499687857}"
PushT,fidelity_constrained_matched_geometry,11437,15001,3,top1_correct,0.375,0.25,0.5,3,2000,"{""1"": 0.375, ""2"": 0.25, ""6"": 0.5}"
PushT,fidelity_constrained_matched_geometry,11437,15001,3,normalized_margin_rmse,1.1717629061031498,0.917696466448581,1.5536708308762257,3,2000,"{""1"": 1.0439214209846428, ""2"": 1.5536708308762255, ""6"": 0.9176964664485812}"
PushT,fidelity_constrained_matched_geometry,11437,15001,3,pose_error,0.09560889886020237,0.0832319752251354,0.12030164725138927,3,2000,"{""1"": 0.0832930741040824, ""2"": 0.12030164725138927, ""6"": 0.0832319752251354}"
PushT,fidelity_constrained_matched_geometry,11437,15001,3,selected_is_null,0.0,0.0,0.0,3,2000,"{""1"": 0.0, ""2"": 0.0, ""6"": 0.0}"
PushT,fidelity_constrained_matched_geometry,11437,15001,6,normalized_regret,0.28115882453574137,0.14588356896029495,0.38479144784406755,3,2000,"{""1"": 0.38479144784406755, ""2"": 0.31280145680286153, ""6"": 0.14588356896029495}"
PushT,fidelity_constrained_matched_geometry,11437,15001,6,weighted_pairwise_accuracy,0.7124355059150335,0.6342351536861109,0.8377501832879385,3,2000,"{""1"": 0.6653211807710511, ""2"": 0.6342351536861109, ""6"": 0.8377501832879385}"
PushT,fidelity_constrained_matched_geometry,11437,15001,6,top1_correct,0.375,0.25,0.625,3,2000,"{""1"": 0.25, ""2"": 0.25, ""6"": 0.625}"
PushT,fidelity_constrained_matched_geometry,11437,15001,6,normalized_margin_rmse,1.0425224764918026,0.884481174984216,1.1927419016754377,3,2000,"{""1"": 1.0503443528157548, ""2"": 1.1927419016754377, ""6"": 0.8844811749842159}"
PushT,fidelity_constrained_matched_geometry,11437,15001,6,pose_error,0.12124302000637867,0.11137770891423919,0.13791721358120068,3,2000,"{""1"": 0.11137770891423918, ""2"": 0.13791721358120068, ""6"": 0.11443413752369616}"
PushT,fidelity_constrained_matched_geometry,11437,15001,6,selected_is_null,0.0,0.0,0.0,3,2000,"{""1"": 0.0, ""2"": 0.0, ""6"": 0.0}"
PushT,fidelity_constrained_shuffled_geometry,11401,15001,1,normalized_regret,0.2976940766898449,0.1658588429158631,0.38937781276906863,3,2000,"{""1"": 0.38937781276906863, ""2"": 0.33784557438460283, ""6"": 0.1658588429158631}"
PushT,fidelity_constrained_shuffled_geometry,11401,15001,1,weighted_pairwise_accuracy,0.5398851544843195,0.40313661708916415,0.6494475419016638,3,2000,"{""1"": 0.40313661708916415, ""2"": 0.5670713044621307, ""6"": 0.6494475419016638}"
PushT,fidelity_constrained_shuffled_geometry,11401,15001,1,top1_correct,0.4166666666666667,0.375,0.5,3,2000,"{""1"": 0.375, ""2"": 0.375, ""6"": 0.5}"
PushT,fidelity_constrained_shuffled_geometry,11401,15001,1,normalized_margin_rmse,3.5003240134095877,1.7757051371000454,5.754058948363405,3,2000,"{""1"": 1.7757051371000454, ""2"": 5.754058948363406, ""6"": 2.9712079547653127}"
PushT,fidelity_constrained_shuffled_geometry,11401,15001,1,pose_error,0.08236055552348348,0.06570688684323889,0.09184599407462322,3,2000,"{""1"": 0.09184599407462322, ""2"": 0.08952878565258834, ""6"": 0.06570688684323889}"
PushT,fidelity_constrained_shuffled_geometry,11401,15001,1,selected_is_null,0.125,0.0,0.375,3,2000,"{""1"": 0.0, ""2"": 0.0, ""6"": 0.375}"
PushT,fidelity_constrained_shuffled_geometry,11401,15001,3,normalized_regret,0.1943954402362779,0.050184044453029764,0.3927651737232769,3,2000,"{""1"": 0.14023710253252705, ""2"": 0.3927651737232769, ""6"": 0.050184044453029764}"
PushT,fidelity_constrained_shuffled_geometry,11401,15001,3,weighted_pairwise_accuracy,0.728604563584628,0.6497281175700743,0.8356532372375516,3,2000,"{""1"": 0.7004323359462579, ""2"": 0.6497281175700743, ""6"": 0.8356532372375516}"
PushT,fidelity_constrained_shuffled_geometry,11401,15001,3,top1_correct,0.4583333333333333,0.25,0.625,3,2000,"{""1"": 0.5, ""2"": 0.25, ""6"": 0.625}"
PushT,fidelity_constrained_shuffled_geometry,11401,15001,3,normalized_margin_rmse,1.0984104566581634,0.8792856528143259,1.3858251427601473,3,2000,"{""1"": 1.0301205744000168, ""2"": 1.3858251427601473, ""6"": 0.8792856528143259}"
PushT,fidelity_constrained_shuffled_geometry,11401,15001,3,pose_error,0.09384176436463641,0.07998835737078405,0.1186394436271746,3,2000,"{""1"": 0.08289749209595057, ""2"": 0.1186394436271746, ""6"": 0.07998835737078405}"
PushT,fidelity_constrained_shuffled_geometry,11401,15001,3,selected_is_null,0.041666666666666664,0.0,0.125,3,2000,"{""1"": 0.0, ""2"": 0.125, ""6"": 0.0}"
PushT,fidelity_constrained_shuffled_geometry,11401,15001,6,normalized_regret,0.29397624802077044,0.12102467066539695,0.4830890036579611,3,2000,"{""1"": 0.4830890036579611, ""2"": 0.27781506973895337, ""6"": 0.12102467066539693}"
PushT,fidelity_constrained_shuffled_geometry,11401,15001,6,weighted_pairwise_accuracy,0.6813626910255177,0.5825032635422951,0.8595541622340038,3,2000,"{""1"": 0.6020306473002538, ""2"": 0.5825032635422951, ""6"": 0.8595541622340039}"
PushT,fidelity_constrained_shuffled_geometry,11401,15001,6,top1_correct,0.4583333333333333,0.25,0.75,3,2000,"{""1"": 0.25, ""2"": 0.375, ""6"": 0.75}"
PushT,fidelity_constrained_shuffled_geometry,11401,15001,6,normalized_margin_rmse,1.0441238356195068,0.8071597572272585,1.211095019840442,3,2000,"{""1"": 1.11411672979082, ""2"": 1.211095019840442, ""6"": 0.8071597572272584}"
PushT,fidelity_constrained_shuffled_geometry,11401,15001,6,pose_error,0.12184309249674796,0.1112605081695784,0.14293717780668524,3,2000,"{""1"": 0.11126050816957841, ""2"": 0.14293717780668524, ""6"": 0.11133159151398023}"
PushT,fidelity_constrained_shuffled_geometry,11401,15001,6,selected_is_null,0.0,0.0,0.0,3,2000,"{""1"": 0.0, ""2"": 0.0, ""6"": 0.0}"
PushT,fidelity_constrained_shuffled_geometry,11419,15001,1,normalized_regret,0.2921675877507461,0.1658588429158631,0.37279834595177247,3,2000,"{""1"": 0.37279834595177247, ""2"": 0.33784557438460283, ""6"": 0.1658588429158631}"
PushT,fidelity_constrained_shuffled_geometry,11419,15001,1,weighted_pairwise_accuracy,0.5501500175580699,0.40615342853263753,0.6772253196794416,3,2000,"{""1"": 0.40615342853263753, ""2"": 0.5670713044621307, ""6"": 0.6772253196794416}"
PushT,fidelity_constrained_shuffled_geometry,11419,15001,1,top1_correct,0.4583333333333333,0.375,0.5,3,2000,"{""1"": 0.5, ""2"": 0.375, ""6"": 0.5}"
PushT,fidelity_constrained_shuffled_geometry,11419,15001,1,normalized_margin_rmse,3.586154322145203,1.8348741366129113,6.018335665613118,3,2000,"{""1"": 1.8348741366129113, ""2"": 6.018335665613117, ""6"": 2.9052531642095794}"
PushT,fidelity_constrained_shuffled_geometry,11419,15001,1,pose_error,0.08239489895602177,0.06588543311841799,0.09207920799052938,3,2000,"{""1"": 0.09207920799052938, ""2"": 0.08922005575911796, ""6"": 0.06588543311841799}"
PushT,fidelity_constrained_shuffled_geometry,11419,15001,1,selected_is_null,0.16666666666666666,0.0,0.375,3,2000,"{""1"": 0.125, ""2"": 0.0, ""6"": 0.375}"
PushT,fidelity_constrained_shuffled_geometry,11419,15001,3,normalized_regret,0.2146897169753371,0.050184044453029764,0.3927651737232769,3,2000,"{""1"": 0.20111993274970463, ""2"": 0.3927651737232769, ""6"": 0.050184044453029764}"
PushT,fidelity_constrained_shuffled_geometry,11419,15001,3,weighted_pairwise_accuracy,0.7236409751055319,0.6434259206968023,0.8356532372375516,3,2000,"{""1"": 0.6918437673822422, ""2"": 0.6434259206968023, ""6"": 0.8356532372375516}"
PushT,fidelity_constrained_shuffled_geometry,11419,15001,3,top1_correct,0.4583333333333333,0.25,0.625,3,2000,"{""1"": 0.5, ""2"": 0.25, ""6"": 0.625}"
PushT,fidelity_constrained_shuffled_geometry,11419,15001,3,normalized_margin_rmse,1.0917047990689488,0.8673727355816955,1.3767080975875856,3,2000,"{""1"": 1.0310335640375652, ""2"": 1.3767080975875854, ""6"": 0.8673727355816955}"
PushT,fidelity_constrained_shuffled_geometry,11419,15001,3,pose_error,0.09364510445875983,0.0797174121104689,0.11836024904577641,3,2000,"{""1"": 0.08285765222003416, ""2"": 0.11836024904577641, ""6"": 0.0797174121104689}"
PushT,fidelity_constrained_shuffled_geometry,11419,15001,3,selected_is_null,0.041666666666666664,0.0,0.125,3,2000,"{""1"": 0.0, ""2"": 0.125, ""6"": 0.0}"
PushT,fidelity_constrained_shuffled_geometry,11419,15001,6,normalized_regret,0.29397624802077044,0.12102467066539695,0.4830890036579611,3,2000,"{""1"": 0.4830890036579611, ""2"": 0.27781506973895337, ""6"": 0.12102467066539693}"
PushT,fidelity_constrained_shuffled_geometry,11419,15001,6,weighted_pairwise_accuracy,0.6804171579342547,0.5862837935162681,0.8606821480520882,3,2000,"{""1"": 0.5942855322344076, ""2"": 0.5862837935162681, ""6"": 0.8606821480520883}"
PushT,fidelity_constrained_shuffled_geometry,11419,15001,6,top1_correct,0.4583333333333333,0.25,0.75,3,2000,"{""1"": 0.25, ""2"": 0.375, ""6"": 0.75}"
PushT,fidelity_constrained_shuffled_geometry,11419,15001,6,normalized_margin_rmse,1.0533825023716683,0.8098824220025596,1.2219958423525785,3,2000,"{""1"": 1.1282692427598666, ""2"": 1.2219958423525785, ""6"": 0.8098824220025596}"
PushT,fidelity_constrained_shuffled_geometry,11419,15001,6,pose_error,0.12215480339945446,0.11176250533839978,0.14291953970473692,3,2000,"{""1"": 0.11178236515522669, ""2"": 0.14291953970473692, ""6"": 0.11176250533839979}"
PushT,fidelity_constrained_shuffled_geometry,11419,15001,6,selected_is_null,0.0,0.0,0.0,3,2000,"{""1"": 0.0, ""2"": 0.0, ""6"": 0.0}"
PushT,fidelity_constrained_shuffled_geometry,11437,15001,1,normalized_regret,0.29556289582246287,0.1658588429158631,0.38298427016692266,3,2000,"{""1"": 0.38298427016692266, ""2"": 0.33784557438460283, ""6"": 0.1658588429158631}"
PushT,fidelity_constrained_shuffled_geometry,11437,15001,1,weighted_pairwise_accuracy,0.5496662080223489,0.41790615774206613,0.6508478834175901,3,2000,"{""1"": 0.41790615774206613, ""2"": 0.5802445829073903, ""6"": 0.6508478834175901}"
PushT,fidelity_constrained_shuffled_geometry,11437,15001,1,top1_correct,0.4166666666666667,0.375,0.5,3,2000,"{""1"": 0.375, ""2"": 0.375, ""6"": 0.5}"
PushT,fidelity_constrained_shuffled_geometry,11437,15001,1,normalized_margin_rmse,3.2830140247016284,1.7805331022755062,5.070560979362584,3,2000,"{""1"": 1.7805331022755062, ""2"": 5.070560979362584, ""6"": 2.997947992466794}"
PushT,fidelity_constrained_shuffled_geometry,11437,15001,1,pose_error,0.08251801144010402,0.06733074840306652,0.0909952997017372,3,2000,"{""1"": 0.0909952997017372, ""2"": 0.08922798621550837, ""6"": 0.06733074840306652}"
PushT,fidelity_constrained_shuffled_geometry,11437,15001,1,selected_is_null,0.16666666666666666,0.0,0.375,3,2000,"{""1"": 0.125, ""2"": 0.0, ""6"": 0.375}"
PushT,fidelity_constrained_shuffled_geometry,11437,15001,3,normalized_regret,0.2178551516243706,0.050184044453029764,0.4022614776703774,3,2000,"{""1"": 0.20111993274970463, ""2"": 0.40226147767037734, ""6"": 0.050184044453029764}"
PushT,fidelity_constrained_shuffled_geometry,11437,15001,3,weighted_pairwise_accuracy,0.7248946986369288,0.6434783013439771,0.8472896510863714,3,2000,"{""1"": 0.6839161434804378, ""2"": 0.6434783013439771, ""6"": 0.8472896510863714}"
PushT,fidelity_constrained_shuffled_geometry,11437,15001,3,top1_correct,0.4583333333333333,0.25,0.625,3,2000,"{""1"": 0.5, ""2"": 0.25, ""6"": 0.625}"
PushT,fidelity_constrained_shuffled_geometry,11437,15001,3,normalized_margin_rmse,1.095571875079554,0.8656517796861514,1.3846727597323756,3,2000,"{""1"": 1.0363910858201355, ""2"": 1.3846727597323756, ""6"": 0.8656517796861514}"
PushT,fidelity_constrained_shuffled_geometry,11437,15001,3,pose_error,0.09322823588914658,0.07957309076338678,0.11762877287525647,3,2000,"{""1"": 0.08248284402879649, ""2"": 0.11762877287525647, ""6"": 0.07957309076338678}"
PushT,fidelity_constrained_shuffled_geometry,11437,15001,3,selected_is_null,0.0,0.0,0.0,3,2000,"{""1"": 0.0, ""2"": 0.0, ""6"": 0.0}"
PushT,fidelity_constrained_shuffled_geometry,11437,15001,6,normalized_regret,0.2862952095978438,0.12102467066539695,0.46004588838918115,3,2000,"{""1"": 0.46004588838918115, ""2"": 0.27781506973895337, ""6"": 0.12102467066539693}"
PushT,fidelity_constrained_shuffled_geometry,11437,15001,6,weighted_pairwise_accuracy,0.6954842490934298,0.6055013999047021,0.8739121133597204,3,2000,"{""1"": 0.6055013999047021, ""2"": 0.6070392340158665, ""6"": 0.8739121133597204}"
PushT,fidelity_constrained_shuffled_geometry,11437,15001,6,top1_correct,0.4583333333333333,0.25,0.75,3,2000,"{""1"": 0.25, ""2"": 0.375, ""6"": 0.75}"
PushT,fidelity_constrained_shuffled_geometry,11437,15001,6,normalized_margin_rmse,1.0517507984403316,0.8057392199573279,1.2303684822212055,3,2000,"{""1"": 1.1191446931424611, ""2"": 1.2303684822212055, ""6"": 0.8057392199573279}"
PushT,fidelity_constrained_shuffled_geometry,11437,15001,6,pose_error,0.12118500232238227,0.11058597845117542,0.14201944102750352,3,2000,"{""1"": 0.11094958748846791, ""2"": 0.14201944102750352, ""6"": 0.11058597845117543}"
PushT,fidelity_constrained_shuffled_geometry,11437,15001,6,selected_is_null,0.0,0.0,0.0,3,2000,"{""1"": 0.0, ""2"": 0.0, ""6"": 0.0}"
PushT,frozen,-1,15001,1,normalized_regret,0.3183694740021672,0.22589377177911937,0.37279834595177247,3,2000,"{""1"": 0.37279834595177247, ""2"": 0.3564163042756098, ""6"": 0.22589377177911937}"
PushT,frozen,-1,15001,1,weighted_pairwise_accuracy,0.5073475683213032,0.4145184176674019,0.6287330182654896,3,2000,"{""1"": 0.4145184176674019, ""2"": 0.47879126903101826, ""6"": 0.6287330182654896}"
PushT,frozen,-1,15001,1,top1_correct,0.4583333333333333,0.375,0.5,3,2000,"{""1"": 0.5, ""2"": 0.375, ""6"": 0.5}"
PushT,frozen,-1,15001,1,normalized_margin_rmse,3.327984909628057,1.8963959081927217,5.080863500620838,3,2000,"{""1"": 1.8963959081927217, ""2"": 5.080863500620838, ""6"": 3.0066953200706124}"
PushT,frozen,-1,15001,1,pose_error,0.08088490459069438,0.06812698837924833,0.0878938227784844,3,2000,"{""1"": 0.08663390261435042, ""2"": 0.0878938227784844, ""6"": 0.06812698837924833}"
PushT,frozen,-1,15001,1,selected_is_null,0.08333333333333333,0.0,0.125,3,2000,"{""1"": 0.125, ""2"": 0.0, ""6"": 0.125}"
PushT,frozen,-1,15001,3,normalized_regret,0.19879593422042552,0.050184044453029764,0.37969643417204746,3,2000,"{""1"": 0.1665073240361994, ""2"": 0.37969643417204746, ""6"": 0.050184044453029764}"
PushT,frozen,-1,15001,3,weighted_pairwise_accuracy,0.7342619078371434,0.6339382086544763,0.8716090947061114,3,2000,"{""1"": 0.6972384201508428, ""2"": 0.6339382086544763, ""6"": 0.8716090947061114}"
PushT,frozen,-1,15001,3,top1_correct,0.4166666666666667,0.125,0.625,3,2000,"{""1"": 0.5, ""2"": 0.125, ""6"": 0.625}"
PushT,frozen,-1,15001,3,normalized_margin_rmse,1.1508506448837388,0.8882902162379489,1.5318221501499358,3,2000,"{""1"": 1.0324395682633318, ""2"": 1.5318221501499356, ""6"": 0.8882902162379489}"
PushT,frozen,-1,15001,3,pose_error,0.09568206380878819,0.08295114036177736,0.12105495680153007,3,2000,"{""1"": 0.08295114036177736, ""2"": 0.12105495680153007, ""6"": 0.08304009426305714}"
PushT,frozen,-1,15001,3,selected_is_null,0.0,0.0,0.0,3,2000,"{""1"": 0.0, ""2"": 0.0, ""6"": 0.0}"
PushT,frozen,-1,15001,6,normalized_regret,0.24476233483971824,0.14588356896029495,0.36174833257528755,3,2000,"{""1"": 0.3617483325752876, ""2"": 0.22665510298357217, ""6"": 0.14588356896029495}"
PushT,frozen,-1,15001,6,weighted_pairwise_accuracy,0.7034887245905889,0.6271531042079037,0.8267082183674089,3,2000,"{""1"": 0.6566048511964543, ""2"": 0.6271531042079037, ""6"": 0.8267082183674088}"
PushT,frozen,-1,15001,6,top1_correct,0.4166666666666667,0.25,0.625,3,2000,"{""1"": 0.25, ""2"": 0.375, ""6"": 0.625}"
PushT,frozen,-1,15001,6,normalized_margin_rmse,1.0696633012003829,0.8863093634534037,1.220484559300048,3,2000,"{""1"": 1.1021959808476964, ""2"": 1.220484559300048, ""6"": 0.8863093634534038}"
PushT,frozen,-1,15001,6,pose_error,0.12366126230361087,0.1121616369980175,0.14281419659846728,3,2000,"{""1"": 0.1121616369980175, ""2"": 0.14281419659846728, ""6"": 0.11600795331434782}"
PushT,frozen,-1,15001,6,selected_is_null,0.0,0.0,0.0,3,2000,"{""1"": 0.0, ""2"": 0.0, ""6"": 0.0}"
Wall,fidelity_constrained_latent_only,11401,15001,1,normalized_regret,0.08563898915224104,0.0691827598457401,0.10929264227451994,3,2000,"{""1"": 0.10929264227451994, ""2"": 0.0691827598457401, ""6"": 0.0784415653364631}"
Wall,fidelity_constrained_latent_only,11401,15001,1,weighted_pairwise_accuracy,0.8934486304387698,0.8468845693021491,0.9249943410640012,3,2000,"{""1"": 0.9084669809501589, ""2"": 0.8468845693021491, ""6"": 0.9249943410640012}"
Wall,fidelity_constrained_latent_only,11401,15001,1,top1_correct,0.375,0.125,0.625,3,2000,"{""1"": 0.375, ""2"": 0.625, ""6"": 0.125}"
Wall,fidelity_constrained_latent_only,11401,15001,1,normalized_margin_rmse,0.6399670039667532,0.5749814259781518,0.7124381589366231,3,2000,"{""1"": 0.6324814269854846, ""2"": 0.7124381589366231, ""6"": 0.5749814259781518}"
Wall,fidelity_constrained_latent_only,11401,15001,1,pose_error,0.24331624437220614,0.18554786199425943,0.29743854242859896,3,2000,"{""1"": 0.24696232869376006, ""2"": 0.29743854242859896, ""6"": 0.18554786199425943}"
Wall,fidelity_constrained_latent_only,11401,15001,1,selected_is_null,0.0,0.0,0.0,3,2000,"{""1"": 0.0, ""2"": 0.0, ""6"": 0.0}"
Wall,fidelity_constrained_latent_only,11401,15001,3,normalized_regret,0.10348326575779077,0.09252492135491336,0.12309755246411923,3,2000,"{""1"": 0.09252492135491336, ""2"": 0.0948273234543397, ""6"": 0.12309755246411923}"
Wall,fidelity_constrained_latent_only,11401,15001,3,weighted_pairwise_accuracy,0.8427745487328439,0.7203327976603481,0.9178238988364275,3,2000,"{""1"": 0.7203327976603482, ""2"": 0.9178238988364276, ""6"": 0.8901669497017557}"
Wall,fidelity_constrained_latent_only,11401,15001,3,top1_correct,0.3333333333333333,0.125,0.5,3,2000,"{""1"": 0.125, ""2"": 0.5, ""6"": 0.375}"
Wall,fidelity_constrained_latent_only,11401,15001,3,normalized_margin_rmse,0.7539861165440693,0.5927054538416674,0.9815758942561725,3,2000,"{""1"": 0.9815758942561725, ""2"": 0.5927054538416674, ""6"": 0.6876770015343681}"
Wall,fidelity_constrained_latent_only,11401,15001,3,pose_error,0.21300957208700658,0.14009934593242734,0.25254822222081863,3,2000,"{""1"": 0.25254822222081863, ""2"": 0.24638114810777373, ""6"": 0.14009934593242734}"
Wall,fidelity_constrained_latent_only,11401,15001,3,selected_is_null,0.0,0.0,0.0,3,2000,"{""1"": 0.0, ""2"": 0.0, ""6"": 0.0}"
Wall,fidelity_constrained_latent_only,11401,15001,6,normalized_regret,0.2382949687541368,0.0145765097511535,0.43213346168382355,3,2000,"{""1"": 0.0145765097511535, ""2"": 0.43213346168382355, ""6"": 0.2681749348274334}"
Wall,fidelity_constrained_latent_only,11401,15001,6,weighted_pairwise_accuracy,0.8296067880749437,0.7804453485247832,0.9013516533130779,3,2000,"{""1"": 0.9013516533130779, ""2"": 0.7804453485247833, ""6"": 0.8070233623869703}"
Wall,fidelity_constrained_latent_only,11401,15001,6,top1_correct,0.3333333333333333,0.0,0.75,3,2000,"{""1"": 0.75, ""2"": 0.0, ""6"": 0.25}"
Wall,fidelity_constrained_latent_only,11401,15001,6,normalized_margin_rmse,0.7851410544804964,0.7291548645581708,0.841687281034035,3,2000,"{""1"": 0.7291548645581709, ""2"": 0.841687281034035, ""6"": 0.7845810178492835}"
Wall,fidelity_constrained_latent_only,11401,15001,6,pose_error,0.24260122695948863,0.23000062245427866,0.2509495525776415,3,2000,"{""1"": 0.24685350584654575, ""2"": 0.2509495525776415, ""6"": 0.23000062245427866}"
Wall,fidelity_constrained_latent_only,11401,15001,6,selected_is_null,0.0,0.0,0.0,3,2000,"{""1"": 0.0, ""2"": 0.0, ""6"": 0.0}"
Wall,fidelity_constrained_latent_only,11419,15001,1,normalized_regret,0.11243671837655018,0.0691827598457401,0.1742615952266565,3,2000,"{""1"": 0.1742615952266565, ""2"": 0.0691827598457401, ""6"": 0.09386580005725398}"
Wall,fidelity_constrained_latent_only,11419,15001,1,weighted_pairwise_accuracy,0.8967759430817527,0.8797060775727811,0.9062926236596051,3,2000,"{""1"": 0.9043291280128718, ""2"": 0.879706077572781, ""6"": 0.9062926236596052}"
Wall,fidelity_constrained_latent_only,11419,15001,1,top1_correct,0.2916666666666667,0.0,0.625,3,2000,"{""1"": 0.25, ""2"": 0.625, ""6"": 0.0}"
Wall,fidelity_constrained_latent_only,11419,15001,1,normalized_margin_rmse,0.6483541143954269,0.6205500702230582,0.6910715484626749,3,2000,"{""1"": 0.6334407245005473, ""2"": 0.691071548462675, ""6"": 0.6205500702230582}"
Wall,fidelity_constrained_latent_only,11419,15001,1,pose_error,0.25381469775844373,0.20311873537869127,0.3098555523418317,3,2000,"{""1"": 0.24846980555480816, ""2"": 0.3098555523418317, ""6"": 0.20311873537869127}"
Wall,fidelity_constrained_latent_only,11419,15001,1,selected_is_null,0.0,0.0,0.0,3,2000,"{""1"": 0.0, ""2"": 0.0, ""6"": 0.0}"
Wall,fidelity_constrained_latent_only,11419,15001,3,normalized_regret,0.10188852637531554,0.09252492135491336,0.1183133343166936,3,2000,"{""1"": 0.09252492135491336, ""2"": 0.0948273234543397, ""6"": 0.11831333431669358}"
Wall,fidelity_constrained_latent_only,11419,15001,3,weighted_pairwise_accuracy,0.835538553970825,0.7271174261883387,0.911270862238792,3,2000,"{""1"": 0.7271174261883387, ""2"": 0.911270862238792, ""6"": 0.8682273734853446}"
Wall,fidelity_constrained_latent_only,11419,15001,3,top1_correct,0.3333333333333333,0.125,0.5,3,2000,"{""1"": 0.125, ""2"": 0.5, ""6"": 0.375}"
Wall,fidelity_constrained_latent_only,11419,15001,3,normalized_margin_rmse,0.7707652019272094,0.628089009968388,0.9523475934252077,3,2000,"{""1"": 0.9523475934252077, ""2"": 0.628089009968388, ""6"": 0.7318590023880327}"
Wall,fidelity_constrained_latent_only,11419,15001,3,pose_error,0.21701157188697517,0.15545228797730754,0.25143216943887525,3,2000,"{""1"": 0.24415025824474273, ""2"": 0.25143216943887525, ""6"": 0.15545228797730754}"
Wall,fidelity_constrained_latent_only,11419,15001,3,selected_is_null,0.0,0.0,0.0,3,2000,"{""1"": 0.0, ""2"": 0.0, ""6"": 0.0}"
Wall,fidelity_constrained_latent_only,11419,15001,6,normalized_regret,0.2925322742765782,0.1064646388893128,0.43213346168382355,3,2000,"{""1"": 0.1064646388893128, ""2"": 0.43213346168382355, ""6"": 0.33899872225659816}"
Wall,fidelity_constrained_latent_only,11419,15001,6,weighted_pairwise_accuracy,0.8026200366312456,0.7534630807446497,0.8789854928879862,3,2000,"{""1"": 0.8789854928879862, ""2"": 0.7534630807446497, ""6"": 0.7754115362611007}"
Wall,fidelity_constrained_latent_only,11419,15001,6,top1_correct,0.16666666666666666,0.0,0.5,3,2000,"{""1"": 0.5, ""2"": 0.0, ""6"": 0.0}"
Wall,fidelity_constrained_latent_only,11419,15001,6,normalized_margin_rmse,0.8133290187929512,0.7609798528351531,0.8751027798227898,3,2000,"{""1"": 0.7609798528351532, ""2"": 0.8751027798227898, ""6"": 0.8039044237209105}"
Wall,fidelity_constrained_latent_only,11419,15001,6,pose_error,0.24884162294469592,0.23851295167284045,0.2566278389999304,3,2000,"{""1"": 0.2513840781613169, ""2"": 0.2566278389999304, ""6"": 0.23851295167284042}"
Wall,fidelity_constrained_latent_only,11419,15001,6,selected_is_null,0.0,0.0,0.0,3,2000,"{""1"": 0.0, ""2"": 0.0, ""6"": 0.0}"
Wall,fidelity_constrained_latent_only,11437,15001,1,normalized_regret,0.0856403193714535,0.0691827598457401,0.10929264227451994,3,2000,"{""1"": 0.10929264227451994, ""2"": 0.0691827598457401, ""6"": 0.07844555599410047}"
Wall,fidelity_constrained_latent_only,11437,15001,1,weighted_pairwise_accuracy,0.8922843377250468,0.8562517423066448,0.9149171071680208,3,2000,"{""1"": 0.9056841637004747, ""2"": 0.8562517423066448, ""6"": 0.9149171071680209}"
Wall,fidelity_constrained_latent_only,11437,15001,1,top1_correct,0.375,0.125,0.625,3,2000,"{""1"": 0.375, ""2"": 0.625, ""6"": 0.125}"
Wall,fidelity_constrained_latent_only,11437,15001,1,normalized_margin_rmse,0.6462873105544724,0.6049067988262161,0.7197091495159059,3,2000,"{""1"": 0.6142459833212952, ""2"": 0.719709149515906, ""6"": 0.6049067988262161}"
Wall,fidelity_constrained_latent_only,11437,15001,1,pose_error,0.2496061063459436,0.19534674452267434,0.2942951430712276,3,2000,"{""1"": 0.2591764314439289, ""2"": 0.2942951430712276, ""6"": 0.19534674452267434}"
Wall,fidelity_constrained_latent_only,11437,15001,1,selected_is_null,0.0,0.0,0.0,3,2000,"{""1"": 0.0, ""2"": 0.0, ""6"": 0.0}"
Wall,fidelity_constrained_latent_only,11437,15001,3,normalized_regret,0.11500581323112517,0.08043407162059593,0.16975604461843993,3,2000,"{""1"": 0.08043407162059593, ""2"": 0.0948273234543397, ""6"": 0.1697560446184399}"
Wall,fidelity_constrained_latent_only,11437,15001,3,weighted_pairwise_accuracy,0.8406353171815347,0.7474152678183156,0.9185891177783678,3,2000,"{""1"": 0.7474152678183155, ""2"": 0.9185891177783678, ""6"": 0.855901565947921}"
Wall,fidelity_constrained_latent_only,11437,15001,3,top1_correct,0.2916666666666667,0.125,0.5,3,2000,"{""1"": 0.25, ""2"": 0.5, ""6"": 0.125}"
Wall,fidelity_constrained_latent_only,11437,15001,3,normalized_margin_rmse,0.7667705591923717,0.5881736025167649,0.9586829803116305,3,2000,"{""1"": 0.9586829803116305, ""2"": 0.5881736025167649, ""6"": 0.75345509474872}"
Wall,fidelity_constrained_latent_only,11437,15001,3,pose_error,0.2269852797832204,0.1605469952557388,0.2668301605725679,3,2000,"{""1"": 0.2668301605725679, ""2"": 0.2535786835213545, ""6"": 0.1605469952557388}"
Wall,fidelity_constrained_latent_only,11437,15001,3,selected_is_null,0.0,0.0,0.0,3,2000,"{""1"": 0.0, ""2"": 0.0, ""6"": 0.0}"
Wall,fidelity_constrained_latent_only,11437,15001,6,normalized_regret,0.25392245071652436,0.054431081180569114,0.43213346168382355,3,2000,"{""1"": 0.054431081180569114, ""2"": 0.43213346168382355, ""6"": 0.2752028092851804}"
Wall,fidelity_constrained_latent_only,11437,15001,6,weighted_pairwise_accuracy,0.8245382099584742,0.783565609451092,0.8895180826925034,3,2000,"{""1"": 0.8895180826925034, ""2"": 0.8005309377318268, ""6"": 0.7835656094510919}"
Wall,fidelity_constrained_latent_only,11437,15001,6,top1_correct,0.25,0.0,0.625,3,2000,"{""1"": 0.625, ""2"": 0.0, ""6"": 0.125}"
Wall,fidelity_constrained_latent_only,11437,15001,6,normalized_margin_rmse,0.7903013506754263,0.748609808946175,0.8117387525146814,3,2000,"{""1"": 0.748609808946175, ""2"": 0.8117387525146815, ""6"": 0.810555490565422}"
Wall,fidelity_constrained_latent_only,11437,15001,6,pose_error,0.24658027201754576,0.23783821240186076,0.2531859019868257,3,2000,"{""1"": 0.2531859019868257, ""2"": 0.24871670166395088, ""6"": 0.23783821240186076}"
Wall,fidelity_constrained_latent_only,11437,15001,6,selected_is_null,0.0,0.0,0.0,3,2000,"{""1"": 0.0, ""2"": 0.0, ""6"": 0.0}"
Wall,fidelity_constrained_matched_geometry,11401,15001,1,normalized_regret,0.06641913334779831,0.061233061982416744,0.07320082966594459,3,2000,"{""1"": 0.061233061982416744, ""2"": 0.06482350839503362, ""6"": 0.07320082966594459}"
Wall,fidelity_constrained_matched_geometry,11401,15001,1,weighted_pairwise_accuracy,0.9271184595960644,0.9081326509211323,0.9415679667317485,3,2000,"{""1"": 0.9415679667317485, ""2"": 0.9316547611353125, ""6"": 0.9081326509211323}"
Wall,fidelity_constrained_matched_geometry,11401,15001,1,top1_correct,0.375,0.125,0.5,3,2000,"{""1"": 0.5, ""2"": 0.5, ""6"": 0.125}"
Wall,fidelity_constrained_matched_geometry,11401,15001,1,normalized_margin_rmse,0.5452403927133519,0.4938991168675626,0.6328920087745189,3,2000,"{""1"": 0.4938991168675626, ""2"": 0.5089300524979741, ""6"": 0.6328920087745189}"
Wall,fidelity_constrained_matched_geometry,11401,15001,1,pose_error,0.1604493895732964,0.1531244151004971,0.1714279868178302,3,2000,"{""1"": 0.1531244151004971, ""2"": 0.1714279868178302, ""6"": 0.15679576680156193}"
Wall,fidelity_constrained_matched_geometry,11401,15001,1,selected_is_null,0.0,0.0,0.0,3,2000,"{""1"": 0.0, ""2"": 0.0, ""6"": 0.0}"
Wall,fidelity_constrained_matched_geometry,11401,15001,3,normalized_regret,0.09820587498948967,0.015442477683143524,0.1421953299365275,3,2000,"{""1"": 0.015442477683143524, ""2"": 0.1421953299365275, ""6"": 0.136979817348798}"
Wall,fidelity_constrained_matched_geometry,11401,15001,3,weighted_pairwise_accuracy,0.9370416609439456,0.9086010870201315,0.9898294458363853,3,2000,"{""1"": 0.9898294458363852, ""2"": 0.9126944499753202, ""6"": 0.9086010870201315}"
Wall,fidelity_constrained_matched_geometry,11401,15001,3,top1_correct,0.4583333333333333,0.25,0.75,3,2000,"{""1"": 0.75, ""2"": 0.375, ""6"": 0.25}"
Wall,fidelity_constrained_matched_geometry,11401,15001,3,normalized_margin_rmse,0.5677834719948154,0.4237687940196109,0.7006224107407059,3,2000,"{""1"": 0.4237687940196109, ""2"": 0.5789592112241296, ""6"": 0.7006224107407057}"
Wall,fidelity_constrained_matched_geometry,11401,15001,3,pose_error,0.13656207301475645,0.12097642925618553,0.15417348730251107,3,2000,"{""1"": 0.12097642925618553, ""2"": 0.15417348730251107, ""6"": 0.13453630248557275}"
Wall,fidelity_constrained_matched_geometry,11401,15001,3,selected_is_null,0.0,0.0,0.0,3,2000,"{""1"": 0.0, ""2"": 0.0, ""6"": 0.0}"
Wall,fidelity_constrained_matched_geometry,11401,15001,6,normalized_regret,0.22608999001249644,0.054431081180569114,0.4113551034637181,3,2000,"{""1"": 0.054431081180569114, ""2"": 0.41135510346371806, ""6"": 0.21248378539320215}"
Wall,fidelity_constrained_matched_geometry,11401,15001,6,weighted_pairwise_accuracy,0.8456117684323305,0.7556649562280676,0.9508090669762114,3,2000,"{""1"": 0.9508090669762115, ""2"": 0.7556649562280676, ""6"": 0.8303612820927126}"
Wall,fidelity_constrained_matched_geometry,11401,15001,6,top1_correct,0.2916666666666667,0.0,0.625,3,2000,"{""1"": 0.625, ""2"": 0.0, ""6"": 0.25}"
Wall,fidelity_constrained_matched_geometry,11401,15001,6,normalized_margin_rmse,0.7425887056139988,0.5058391810557246,0.9212611594690271,3,2000,"{""1"": 0.5058391810557246, ""2"": 0.921261159469027, ""6"": 0.8006657763172447}"
Wall,fidelity_constrained_matched_geometry,11401,15001,6,pose_error,0.2095019164972923,0.1485870836908474,0.24071894626031062,3,2000,"{""1"": 0.1485870836908474, ""2"": 0.24071894626031062, ""6"": 0.2391997195407188}"
Wall,fidelity_constrained_matched_geometry,11401,15001,6,selected_is_null,0.0,0.0,0.0,3,2000,"{""1"": 0.0, ""2"": 0.0, ""6"": 0.0}"
Wall,fidelity_constrained_matched_geometry,11419,15001,1,normalized_regret,0.07379696968381426,0.04587503484800473,0.10231504453749346,3,2000,"{""1"": 0.04587503484800473, ""2"": 0.10231504453749346, ""6"": 0.07320082966594459}"
Wall,fidelity_constrained_matched_geometry,11419,15001,1,weighted_pairwise_accuracy,0.9133093717241829,0.8813630347681509,0.9309253256783817,3,2000,"{""1"": 0.9309253256783816, ""2"": 0.9276397547260162, ""6"": 0.8813630347681509}"
Wall,fidelity_constrained_matched_geometry,11419,15001,1,top1_correct,0.4166666666666667,0.125,0.625,3,2000,"{""1"": 0.625, ""2"": 0.5, ""6"": 0.125}"
Wall,fidelity_constrained_matched_geometry,11419,15001,1,normalized_margin_rmse,0.5591996027466926,0.49902249528996007,0.6609734691463669,3,2000,"{""1"": 0.4990224952899601, ""2"": 0.5176028438037505, ""6"": 0.6609734691463669}"
Wall,fidelity_constrained_matched_geometry,11419,15001,1,pose_error,0.1568205124018164,0.14605572766119432,0.16698460038001653,3,2000,"{""1"": 0.15742120916423835, ""2"": 0.16698460038001656, ""6"": 0.14605572766119432}"
Wall,fidelity_constrained_matched_geometry,11419,15001,1,selected_is_null,0.0,0.0,0.0,3,2000,"{""1"": 0.0, ""2"": 0.0, ""6"": 0.0}"
Wall,fidelity_constrained_matched_geometry,11419,15001,3,normalized_regret,0.0979009618631886,0.014527738304240333,0.1421953299365275,3,2000,"{""1"": 0.014527738304240333, ""2"": 0.1421953299365275, ""6"": 0.136979817348798}"
Wall,fidelity_constrained_matched_geometry,11419,15001,3,weighted_pairwise_accuracy,0.9369952496971027,0.9087493686420794,0.9903109030251315,3,2000,"{""1"": 0.9903109030251314, ""2"": 0.9087493686420796, ""6"": 0.9119254774240972}"
Wall,fidelity_constrained_matched_geometry,11419,15001,3,top1_correct,0.4583333333333333,0.25,0.75,3,2000,"{""1"": 0.75, ""2"": 0.375, ""6"": 0.25}"
Wall,fidelity_constrained_matched_geometry,11419,15001,3,normalized_margin_rmse,0.5748011932547158,0.42127157786766284,0.7187910136651134,3,2000,"{""1"": 0.4212715778676629, ""2"": 0.5843409882313713, ""6"": 0.7187910136651134}"
Wall,fidelity_constrained_matched_geometry,11419,15001,3,pose_error,0.13383622852065716,0.12649540534311596,0.14661081373434887,3,2000,"{""1"": 0.12649540534311596, ""2"": 0.14661081373434887, ""6"": 0.12840246648450665}"
Wall,fidelity_constrained_matched_geometry,11419,15001,3,selected_is_null,0.0,0.0,0.0,3,2000,"{""1"": 0.0, ""2"": 0.0, ""6"": 0.0}"
Wall,fidelity_constrained_matched_geometry,11419,15001,6,normalized_regret,0.20757838965820283,0.05948994200916748,0.4113551034637181,3,2000,"{""1"": 0.05948994200916748, ""2"": 0.41135510346371806, ""6"": 0.15189012350172296}"
Wall,fidelity_constrained_matched_geometry,11419,15001,6,weighted_pairwise_accuracy,0.8449863121268425,0.7465673138881099,0.9516055618905727,3,2000,"{""1"": 0.9516055618905727, ""2"": 0.7465673138881099, ""6"": 0.8367860606018451}"
Wall,fidelity_constrained_matched_geometry,11419,15001,6,top1_correct,0.2916666666666667,0.0,0.625,3,2000,"{""1"": 0.625, ""2"": 0.0, ""6"": 0.25}"
Wall,fidelity_constrained_matched_geometry,11419,15001,6,normalized_margin_rmse,0.7393709794256319,0.4937632409302328,0.9279793177015483,3,2000,"{""1"": 0.4937632409302328, ""2"": 0.9279793177015483, ""6"": 0.7963703796451147}"
Wall,fidelity_constrained_matched_geometry,11419,15001,6,pose_error,0.20592183455152865,0.1461954725352045,0.24110583431360913,3,2000,"{""1"": 0.1461954725352045, ""2"": 0.24110583431360916, ""6"": 0.2304641968057722}"
Wall,fidelity_constrained_matched_geometry,11419,15001,6,selected_is_null,0.0,0.0,0.0,3,2000,"{""1"": 0.0, ""2"": 0.0, ""6"": 0.0}"
Wall,fidelity_constrained_matched_geometry,11437,15001,1,normalized_regret,0.0694182845498752,0.04816321416697844,0.10231504453749346,3,2000,"{""1"": 0.04816321416697844, ""2"": 0.10231504453749346, ""6"": 0.057776594945153706}"
Wall,fidelity_constrained_matched_geometry,11437,15001,1,weighted_pairwise_accuracy,0.8986020770565313,0.8729681372823959,0.9383946739748406,3,2000,"{""1"": 0.9383946739748406, ""2"": 0.8844434199123572, ""6"": 0.8729681372823959}"
Wall,fidelity_constrained_matched_geometry,11437,15001,1,top1_correct,0.4166666666666667,0.25,0.5,3,2000,"{""1"": 0.5, ""2"": 0.5, ""6"": 0.25}"
Wall,fidelity_constrained_matched_geometry,11437,15001,1,normalized_margin_rmse,0.5924616543769745,0.5247228469221281,0.6548902184229475,3,2000,"{""1"": 0.5247228469221281, ""2"": 0.5977718977858479, ""6"": 0.6548902184229475}"
Wall,fidelity_constrained_matched_geometry,11437,15001,1,pose_error,0.1579127285726237,0.14193672175849137,0.17449279676761562,3,2000,"{""1"": 0.14193672175849137, ""2"": 0.1744927967676156, ""6"": 0.15730866719176412}"
Wall,fidelity_constrained_matched_geometry,11437,15001,1,selected_is_null,0.0,0.0,0.0,3,2000,"{""1"": 0.0, ""2"": 0.0, ""6"": 0.0}"
Wall,fidelity_constrained_matched_geometry,11437,15001,3,normalized_regret,0.09333185244792969,0.04751183146094048,0.136979817348798,3,2000,"{""1"": 0.04751183146094047, ""2"": 0.09550390853405058, ""6"": 0.136979817348798}"
Wall,fidelity_constrained_matched_geometry,11437,15001,3,weighted_pairwise_accuracy,0.932998741112573,0.8962363527918272,0.986206215478559,3,2000,"{""1"": 0.986206215478559, ""2"": 0.8962363527918271, ""6"": 0.9165536550673327}"
Wall,fidelity_constrained_matched_geometry,11437,15001,3,top1_correct,0.4166666666666667,0.25,0.625,3,2000,"{""1"": 0.625, ""2"": 0.375, ""6"": 0.25}"
Wall,fidelity_constrained_matched_geometry,11437,15001,3,normalized_margin_rmse,0.5772059072327799,0.41057211242748615,0.7193883347645548,3,2000,"{""1"": 0.41057211242748615, ""2"": 0.6016572745062987, ""6"": 0.7193883347645549}"
Wall,fidelity_constrained_matched_geometry,11437,15001,3,pose_error,0.13919849213139499,0.13042305940183496,0.14659676863875168,3,2000,"{""1"": 0.13042305940183496, ""2"": 0.14659676863875168, ""6"": 0.14057564835359826}"
Wall,fidelity_constrained_matched_geometry,11437,15001,3,selected_is_null,0.0,0.0,0.0,3,2000,"{""1"": 0.0, ""2"": 0.0, ""6"": 0.0}"
Wall,fidelity_constrained_matched_geometry,11437,15001,6,normalized_regret,0.20589210271533673,0.054431081180569114,0.4113551034637181,3,2000,"{""1"": 0.054431081180569114, ""2"": 0.41135510346371806, ""6"": 0.15189012350172296}"
Wall,fidelity_constrained_matched_geometry,11437,15001,6,weighted_pairwise_accuracy,0.8338012364912671,0.7262302525004497,0.9557476158482726,3,2000,"{""1"": 0.9557476158482726, ""2"": 0.7262302525004497, ""6"": 0.8194258411250789}"
Wall,fidelity_constrained_matched_geometry,11437,15001,6,top1_correct,0.2916666666666667,0.0,0.625,3,2000,"{""1"": 0.625, ""2"": 0.0, ""6"": 0.25}"
Wall,fidelity_constrained_matched_geometry,11437,15001,6,normalized_margin_rmse,0.7471547769777152,0.48013175608060304,0.9435916099142635,3,2000,"{""1"": 0.48013175608060304, ""2"": 0.9435916099142635, ""6"": 0.8177409649382791}"
Wall,fidelity_constrained_matched_geometry,11437,15001,6,pose_error,0.21090185898582825,0.14629877876781663,0.2446004651865256,3,2000,"{""1"": 0.14629877876781663, ""2"": 0.24460046518652562, ""6"": 0.2418063330031425}"
Wall,fidelity_constrained_matched_geometry,11437,15001,6,selected_is_null,0.0,0.0,0.0,3,2000,"{""1"": 0.0, ""2"": 0.0, ""6"": 0.0}"
Wall,fidelity_constrained_shuffled_geometry,11401,15001,1,normalized_regret,0.118626835215905,0.049630984509495026,0.2165017018598282,3,2000,"{""1"": 0.04963098450949503, ""2"": 0.2165017018598282, ""6"": 0.08974781927839173}"
Wall,fidelity_constrained_shuffled_geometry,11401,15001,1,weighted_pairwise_accuracy,0.9021711258501686,0.8638306276764712,0.934153756182866,3,2000,"{""1"": 0.9085289936911686, ""2"": 0.8638306276764711, ""6"": 0.934153756182866}"
Wall,fidelity_constrained_shuffled_geometry,11401,15001,1,top1_correct,0.16666666666666666,0.0,0.5,3,2000,"{""1"": 0.5, ""2"": 0.0, ""6"": 0.0}"
Wall,fidelity_constrained_shuffled_geometry,11401,15001,1,normalized_margin_rmse,0.5672383648272329,0.5393052981551153,0.5851352149544757,3,2000,"{""1"": 0.5772745813721074, ""2"": 0.5851352149544757, ""6"": 0.5393052981551153}"
Wall,fidelity_constrained_shuffled_geometry,11401,15001,1,pose_error,0.1589875470532551,0.12932387055424355,0.20147862065952057,3,2000,"{""1"": 0.14616014994600118, ""2"": 0.20147862065952057, ""6"": 0.12932387055424355}"
Wall,fidelity_constrained_shuffled_geometry,11401,15001,1,selected_is_null,0.041666666666666664,0.0,0.125,3,2000,"{""1"": 0.0, ""2"": 0.125, ""6"": 0.0}"
Wall,fidelity_constrained_shuffled_geometry,11401,15001,3,normalized_regret,0.199727748347296,0.12345538493461931,0.3107560336362545,3,2000,"{""1"": 0.1234553849346193, ""2"": 0.3107560336362545, ""6"": 0.16497182647101427}"
Wall,fidelity_constrained_shuffled_geometry,11401,15001,3,weighted_pairwise_accuracy,0.8547585529509453,0.8089280274542275,0.887882847106685,3,2000,"{""1"": 0.8089280274542274, ""2"": 0.8674647842919231, ""6"": 0.8878828471066849}"
Wall,fidelity_constrained_shuffled_geometry,11401,15001,3,top1_correct,0.08333333333333333,0.0,0.125,3,2000,"{""1"": 0.125, ""2"": 0.0, ""6"": 0.125}"
Wall,fidelity_constrained_shuffled_geometry,11401,15001,3,normalized_margin_rmse,0.7826035557508343,0.677530509079794,0.873361484033051,3,2000,"{""1"": 0.873361484033051, ""2"": 0.6775305090797941, ""6"": 0.7969186741396579}"
Wall,fidelity_constrained_shuffled_geometry,11401,15001,3,pose_error,0.13905141165974444,0.12646004814092243,0.15136322854420642,3,2000,"{""1"": 0.13933095829410447, ""2"": 0.15136322854420642, ""6"": 0.12646004814092243}"
Wall,fidelity_constrained_shuffled_geometry,11401,15001,3,selected_is_null,0.041666666666666664,0.0,0.125,3,2000,"{""1"": 0.0, ""2"": 0.125, ""6"": 0.0}"
Wall,fidelity_constrained_shuffled_geometry,11401,15001,6,normalized_regret,0.3303125817195876,0.24603623177943038,0.4813414567233007,3,2000,"{""1"": 0.2460362317794304, ""2"": 0.48134145672330064, ""6"": 0.2635600566560318}"
Wall,fidelity_constrained_shuffled_geometry,11401,15001,6,weighted_pairwise_accuracy,0.8094586193892074,0.7149600025672922,0.8886987666176993,3,2000,"{""1"": 0.8886987666176993, ""2"": 0.7149600025672922, ""6"": 0.8247170889826309}"
Wall,fidelity_constrained_shuffled_geometry,11401,15001,6,top1_correct,0.25,0.0,0.5,3,2000,"{""1"": 0.5, ""2"": 0.0, ""6"": 0.25}"
Wall,fidelity_constrained_shuffled_geometry,11401,15001,6,normalized_margin_rmse,0.7821415821156815,0.6148616869198694,0.9271977652535824,3,2000,"{""1"": 0.6148616869198694, ""2"": 0.9271977652535824, ""6"": 0.8043652941735924}"
Wall,fidelity_constrained_shuffled_geometry,11401,15001,6,pose_error,0.213718012438162,0.16401374892243029,0.24433825134653384,3,2000,"{""1"": 0.16401374892243029, ""2"": 0.2443382513465338, ""6"": 0.23280203704552177}"
Wall,fidelity_constrained_shuffled_geometry,11401,15001,6,selected_is_null,0.0,0.0,0.0,3,2000,"{""1"": 0.0, ""2"": 0.0, ""6"": 0.0}"
Wall,fidelity_constrained_shuffled_geometry,11419,15001,1,normalized_regret,0.11862682279827363,0.049630984509495026,0.2165016646069341,3,2000,"{""1"": 0.04963098450949503, ""2"": 0.2165016646069341, ""6"": 0.08974781927839173}"
Wall,fidelity_constrained_shuffled_geometry,11419,15001,1,weighted_pairwise_accuracy,0.9046129209583323,0.8784436628392567,0.9336568938538198,3,2000,"{""1"": 0.9017382061819206, ""2"": 0.8784436628392567, ""6"": 0.9336568938538198}"
Wall,fidelity_constrained_shuffled_geometry,11419,15001,1,top1_correct,0.16666666666666666,0.0,0.5,3,2000,"{""1"": 0.5, ""2"": 0.0, ""6"": 0.0}"
Wall,fidelity_constrained_shuffled_geometry,11419,15001,1,normalized_margin_rmse,0.5698773670413064,0.5464174273101592,0.5816875176309568,3,2000,"{""1"": 0.5816875176309568, ""2"": 0.5815271561828033, ""6"": 0.5464174273101592}"
Wall,fidelity_constrained_shuffled_geometry,11419,15001,1,pose_error,0.157777129628512,0.12477292958266778,0.19839396063876916,3,2000,"{""1"": 0.15016449866409903, ""2"": 0.19839396063876918, ""6"": 0.12477292958266778}"
Wall,fidelity_constrained_shuffled_geometry,11419,15001,1,selected_is_null,0.041666666666666664,0.0,0.125,3,2000,"{""1"": 0.0, ""2"": 0.125, ""6"": 0.0}"
Wall,fidelity_constrained_shuffled_geometry,11419,15001,3,normalized_regret,0.19899110693633046,0.12124546070172264,0.3107560336362545,3,2000,"{""1"": 0.12124546070172262, ""2"": 0.3107560336362545, ""6"": 0.16497182647101427}"
Wall,fidelity_constrained_shuffled_geometry,11419,15001,3,weighted_pairwise_accuracy,0.8466364390937761,0.7812346395049548,0.8955871673746829,3,2000,"{""1"": 0.7812346395049548, ""2"": 0.8630875104016903, ""6"": 0.8955871673746829}"
Wall,fidelity_constrained_shuffled_geometry,11419,15001,3,top1_correct,0.08333333333333333,0.0,0.125,3,2000,"{""1"": 0.125, ""2"": 0.0, ""6"": 0.125}"
Wall,fidelity_constrained_shuffled_geometry,11419,15001,3,normalized_margin_rmse,0.7827190731815071,0.6864657066562319,0.8781646515177134,3,2000,"{""1"": 0.8781646515177134, ""2"": 0.6864657066562319, ""6"": 0.7835268613705759}"
Wall,fidelity_constrained_shuffled_geometry,11419,15001,3,pose_error,0.13866179677209325,0.12520869444057475,0.1522004524911658,3,2000,"{""1"": 0.13857624338453922, ""2"": 0.1522004524911658, ""6"": 0.12520869444057475}"
Wall,fidelity_constrained_shuffled_geometry,11419,15001,3,selected_is_null,0.041666666666666664,0.0,0.125,3,2000,"{""1"": 0.0, ""2"": 0.125, ""6"": 0.0}"
Wall,fidelity_constrained_shuffled_geometry,11419,15001,6,normalized_regret,0.2845523878145002,0.1087556500641681,0.4813414567233007,3,2000,"{""1"": 0.1087556500641681, ""2"": 0.48134145672330064, ""6"": 0.2635600566560318}"
Wall,fidelity_constrained_shuffled_geometry,11419,15001,6,weighted_pairwise_accuracy,0.8125220394300913,0.7059354304396082,0.9010532730277651,3,2000,"{""1"": 0.9010532730277651, ""2"": 0.7059354304396082, ""6"": 0.8305774148229006}"
Wall,fidelity_constrained_shuffled_geometry,11419,15001,6,top1_correct,0.2916666666666667,0.0,0.625,3,2000,"{""1"": 0.625, ""2"": 0.0, ""6"": 0.25}"
Wall,fidelity_constrained_shuffled_geometry,11419,15001,6,normalized_margin_rmse,0.7788576407260631,0.6045250179076457,0.9258675839844028,3,2000,"{""1"": 0.6045250179076457, ""2"": 0.9258675839844028, ""6"": 0.8061803202861406}"
Wall,fidelity_constrained_shuffled_geometry,11419,15001,6,pose_error,0.21159138989144774,0.15936269228281927,0.24302518483435023,3,2000,"{""1"": 0.15936269228281927, ""2"": 0.24302518483435026, ""6"": 0.2323862925571737}"
Wall,fidelity_constrained_shuffled_geometry,11419,15001,6,selected_is_null,0.0,0.0,0.0,3,2000,"{""1"": 0.0, ""2"": 0.0, ""6"": 0.0}"
Wall,fidelity_constrained_shuffled_geometry,11437,15001,1,normalized_regret,0.11862682279827363,0.049630984509495026,0.2165016646069341,3,2000,"{""1"": 0.04963098450949503, ""2"": 0.2165016646069341, ""6"": 0.08974781927839173}"
Wall,fidelity_constrained_shuffled_geometry,11437,15001,1,weighted_pairwise_accuracy,0.8974951214878956,0.8571134158380231,0.9296853412727389,3,2000,"{""1"": 0.9056866073529246, ""2"": 0.8571134158380231, ""6"": 0.9296853412727389}"
Wall,fidelity_constrained_shuffled_geometry,11437,15001,1,top1_correct,0.16666666666666666,0.0,0.5,3,2000,"{""1"": 0.5, ""2"": 0.0, ""6"": 0.0}"
Wall,fidelity_constrained_shuffled_geometry,11437,15001,1,normalized_margin_rmse,0.5823472448023154,0.5532643807347166,0.6064570515767862,3,2000,"{""1"": 0.5873203020954435, ""2"": 0.6064570515767862, ""6"": 0.5532643807347166}"
Wall,fidelity_constrained_shuffled_geometry,11437,15001,1,pose_error,0.15921446050157087,0.12649471032202156,0.20417510026718297,3,2000,"{""1"": 0.14697357091550817, ""2"": 0.20417510026718297, ""6"": 0.12649471032202156}"
Wall,fidelity_constrained_shuffled_geometry,11437,15001,1,selected_is_null,0.041666666666666664,0.0,0.125,3,2000,"{""1"": 0.0, ""2"": 0.125, ""6"": 0.0}"
Wall,fidelity_constrained_shuffled_geometry,11437,15001,3,normalized_regret,0.17911396004306335,0.11625184057997456,0.25611821307820115,3,2000,"{""1"": 0.11625184057997456, ""2"": 0.25611821307820115, ""6"": 0.16497182647101427}"
Wall,fidelity_constrained_shuffled_geometry,11437,15001,3,weighted_pairwise_accuracy,0.8472692645696975,0.7812424537798952,0.8858834082043031,3,2000,"{""1"": 0.7812424537798952, ""2"": 0.8858834082043031, ""6"": 0.8746819317248942}"
Wall,fidelity_constrained_shuffled_geometry,11437,15001,3,top1_correct,0.125,0.125,0.125,3,2000,"{""1"": 0.125, ""2"": 0.125, ""6"": 0.125}"
Wall,fidelity_constrained_shuffled_geometry,11437,15001,3,normalized_margin_rmse,0.7921967736100194,0.6859194258861402,0.8779981038397882,3,2000,"{""1"": 0.8779981038397882, ""2"": 0.6859194258861401, ""6"": 0.8126727911041299}"
Wall,fidelity_constrained_shuffled_geometry,11437,15001,3,pose_error,0.13903285295189485,0.12756010464350384,0.15444300365056327,3,2000,"{""1"": 0.13509545056161743, ""2"": 0.15444300365056327, ""6"": 0.12756010464350384}"
Wall,fidelity_constrained_shuffled_geometry,11437,15001,3,selected_is_null,0.041666666666666664,0.0,0.125,3,2000,"{""1"": 0.0, ""2"": 0.125, ""6"": 0.0}"
Wall,fidelity_constrained_shuffled_geometry,11437,15001,6,normalized_regret,0.28613929952417694,0.11381451089276647,0.4810433310237326,3,2000,"{""1"": 0.11381451089276647, ""2"": 0.4810433310237326, ""6"": 0.2635600566560318}"
Wall,fidelity_constrained_shuffled_geometry,11437,15001,6,weighted_pairwise_accuracy,0.8094271124425498,0.7076068968002766,0.8954905561309289,3,2000,"{""1"": 0.8954905561309288, ""2"": 0.7076068968002767, ""6"": 0.8251838843964441}"
Wall,fidelity_constrained_shuffled_geometry,11437,15001,6,top1_correct,0.2916666666666667,0.0,0.625,3,2000,"{""1"": 0.625, ""2"": 0.0, ""6"": 0.25}"
Wall,fidelity_constrained_shuffled_geometry,11437,15001,6,normalized_margin_rmse,0.7889029132350117,0.615299021638865,0.9314127003673563,3,2000,"{""1"": 0.615299021638865, ""2"": 0.9314127003673562, ""6"": 0.819997017698814}"
Wall,fidelity_constrained_shuffled_geometry,11437,15001,6,pose_error,0.21438213100514272,0.15961684588729136,0.24646149741884402,3,2000,"{""1"": 0.15961684588729136, ""2"": 0.246461497418844, ""6"": 0.2370680497092929}"
Wall,fidelity_constrained_shuffled_geometry,11437,15001,6,selected_is_null,0.0,0.0,0.0,3,2000,"{""1"": 0.0, ""2"": 0.0, ""6"": 0.0}"
Wall,frozen,-1,15001,1,normalized_regret,0.11084432937505483,0.06990778003621317,0.18546539529244688,3,2000,"{""1"": 0.07715981279650444, ""2"": 0.18546539529244688, ""6"": 0.06990778003621317}"
Wall,frozen,-1,15001,1,weighted_pairwise_accuracy,0.879336328344865,0.8252171737347901,0.9361153868266082,3,2000,"{""1"": 0.8766764244731965, ""2"": 0.8252171737347901, ""6"": 0.9361153868266082}"
Wall,frozen,-1,15001,1,top1_correct,0.20833333333333334,0.125,0.375,3,2000,"{""1"": 0.375, ""2"": 0.125, ""6"": 0.125}"
Wall,frozen,-1,15001,1,normalized_margin_rmse,0.6533455337441191,0.571624381318458,0.7021649302314201,3,2000,"{""1"": 0.686247289682479, ""2"": 0.7021649302314201, ""6"": 0.571624381318458}"
Wall,frozen,-1,15001,1,pose_error,0.16999234196066695,0.10341227217014055,0.22487283189258855,3,2000,"{""1"": 0.18169192181927174, ""2"": 0.22487283189258855, ""6"": 0.10341227217014057}"
Wall,frozen,-1,15001,1,selected_is_null,0.0,0.0,0.0,3,2000,"{""1"": 0.0, ""2"": 0.0, ""6"": 0.0}"
Wall,frozen,-1,15001,3,normalized_regret,0.1626076403638389,0.08043407162059593,0.2089161897070949,3,2000,"{""1"": 0.08043407162059593, ""2"": 0.2089161897070949, ""6"": 0.19847265976382591}"
Wall,frozen,-1,15001,3,weighted_pairwise_accuracy,0.8497674984929562,0.8475059161160589,0.8532172431340325,3,2000,"{""1"": 0.8532172431340326, ""2"": 0.8475059161160587, ""6"": 0.8485793362287775}"
Wall,frozen,-1,15001,3,top1_correct,0.08333333333333333,0.0,0.25,3,2000,"{""1"": 0.25, ""2"": 0.0, ""6"": 0.0}"
Wall,frozen,-1,15001,3,normalized_margin_rmse,0.7982934263128758,0.7244273883479196,0.9001091191738104,3,2000,"{""1"": 0.7703437714168972, ""2"": 0.7244273883479196, ""6"": 0.9001091191738104}"
Wall,frozen,-1,15001,3,pose_error,0.15611066950248328,0.14559697009630695,0.16263841179150018,3,2000,"{""1"": 0.14559697009630695, ""2"": 0.16263841179150018, ""6"": 0.1600966266196427}"
Wall,frozen,-1,15001,3,selected_is_null,0.0,0.0,0.0,3,2000,"{""1"": 0.0, ""2"": 0.0, ""6"": 0.0}"
Wall,frozen,-1,15001,6,normalized_regret,0.2702563968341834,0.12617208557986467,0.4721133195294834,3,2000,"{""1"": 0.12617208557986467, ""2"": 0.47211331952948343, ""6"": 0.21248378539320215}"
Wall,frozen,-1,15001,6,weighted_pairwise_accuracy,0.8206808359522553,0.7124733431095552,0.9202319187758953,3,2000,"{""1"": 0.9202319187758954, ""2"": 0.7124733431095552, ""6"": 0.8293372459713149}"
Wall,frozen,-1,15001,6,top1_correct,0.20833333333333334,0.0,0.375,3,2000,"{""1"": 0.375, ""2"": 0.0, ""6"": 0.25}"
Wall,frozen,-1,15001,6,normalized_margin_rmse,0.772971235121137,0.6065989293615291,0.9114705946043026,3,2000,"{""1"": 0.6065989293615291, ""2"": 0.9114705946043026, ""6"": 0.8008441813975793}"
Wall,frozen,-1,15001,6,pose_error,0.21948630132446065,0.16644802084245977,0.24706411899391298,3,2000,"{""1"": 0.16644802084245977, ""2"": 0.24494676413700928, ""6"": 0.24706411899391295}"
Wall,frozen,-1,15001,6,selected_is_null,0.041666666666666664,0.0,0.125,3,2000,"{""1"": 0.0, ""2"": 0.125, ""6"": 0.0}"
