environment,treatment,baseline,projection_seed,horizon,metric,positive_means_treatment_better,adaptation_seeds_averaged_within_task,paired_state_seed_rows,estimate,low,high,n_tasks,n_bootstrap,task_means_json
PushT,fidelity_constrained_matched_geometry,frozen,14011,1,normalized_regret,True,3,72,-0.017446263294334324,-0.06069406413723996,0.014189440901524256,3,2000,"{""1"": 0.014189440901524256, ""2"": -0.0058341666472872715, ""6"": -0.06069406413723996}"
PushT,fidelity_constrained_matched_geometry,frozen,14011,1,weighted_pairwise_accuracy,True,3,57,-0.0075775267611766645,-0.07841791317481388,0.02787406681334724,3,2000,"{""1"": 0.02781126607793664, ""2"": -0.07841791317481388, ""6"": 0.02787406681334724}"
PushT,fidelity_constrained_matched_geometry,frozen,14011,1,top1_correct,True,3,72,0.0,-0.125,0.125,3,2000,"{""1"": 0.125, ""2"": -0.125, ""6"": 0.0}"
PushT,fidelity_constrained_matched_geometry,fidelity_constrained_latent_only,14011,1,normalized_regret,True,3,72,-0.029745751678384225,-0.08923725503515267,0.0,3,2000,"{""1"": -0.08923725503515267, ""2"": 0.0, ""6"": 0.0}"
PushT,fidelity_constrained_matched_geometry,fidelity_constrained_latent_only,14011,1,weighted_pairwise_accuracy,True,3,57,0.019119563520302457,0.004402531096749707,0.03229198824420433,3,2000,"{""1"": 0.020664171219953325, ""2"": 0.004402531096749707, ""6"": 0.03229198824420433}"
PushT,fidelity_constrained_matched_geometry,fidelity_constrained_latent_only,14011,1,top1_correct,True,3,72,0.0,0.0,0.0,3,2000,"{""1"": 0.0, ""2"": 0.0, ""6"": 0.0}"
PushT,fidelity_constrained_matched_geometry,fidelity_constrained_shuffled_geometry,14011,1,normalized_regret,True,3,72,-0.011939265733934097,-0.016630211310015214,-0.0058341666472872715,3,2000,"{""1"": -0.016630211310015214, ""2"": -0.0058341666472872715, ""6"": -0.013353419244499804}"
PushT,fidelity_constrained_matched_geometry,fidelity_constrained_shuffled_geometry,14011,1,weighted_pairwise_accuracy,True,3,57,0.008863140290905302,-0.03203246590693505,0.05664457719703244,3,2000,"{""1"": -0.03203246590693505, ""2"": 0.05664457719703244, ""6"": 0.001977309582618516}"
PushT,fidelity_constrained_matched_geometry,fidelity_constrained_shuffled_geometry,14011,1,top1_correct,True,3,72,0.013888888888888895,-0.125,0.16666666666666666,3,2000,"{""1"": 0.16666666666666669, ""2"": -0.125, ""6"": 0.0}"
PushT,fidelity_constrained_matched_geometry,frozen,14011,3,normalized_regret,True,3,72,0.02242551203120129,-0.013595374821524198,0.05067357258616693,3,2000,"{""1"": 0.030198338328961138, ""2"": -0.013595374821524198, ""6"": 0.05067357258616693}"
PushT,fidelity_constrained_matched_geometry,frozen,14011,3,weighted_pairwise_accuracy,True,3,72,0.05113240819448389,0.03260738897891652,0.08093815723784464,3,2000,"{""1"": 0.03985167836669051, ""2"": 0.08093815723784464, ""6"": 0.03260738897891652}"
PushT,fidelity_constrained_matched_geometry,frozen,14011,3,top1_correct,True,3,72,0.05555555555555556,-0.041666666666666664,0.125,3,2000,"{""1"": 0.125, ""2"": -0.041666666666666664, ""6"": 0.08333333333333333}"
PushT,fidelity_constrained_matched_geometry,fidelity_constrained_latent_only,14011,3,normalized_regret,True,3,72,0.01673376208318633,-0.013595374821524198,0.06570482292015133,3,2000,"{""1"": 0.06570482292015133, ""2"": -0.013595374821524198, ""6"": -0.001908161849068138}"
PushT,fidelity_constrained_matched_geometry,fidelity_constrained_latent_only,14011,3,weighted_pairwise_accuracy,True,3,72,0.01627204182174055,0.0074841236062482205,0.023329297662174103,3,2000,"{""1"": 0.018002704196799335, ""2"": 0.0074841236062482205, ""6"": 0.023329297662174103}"
PushT,fidelity_constrained_matched_geometry,fidelity_constrained_latent_only,14011,3,top1_correct,True,3,72,0.0,-0.041666666666666664,0.08333333333333333,3,2000,"{""1"": 0.08333333333333333, ""2"": -0.041666666666666664, ""6"": -0.041666666666666664}"
PushT,fidelity_constrained_matched_geometry,fidelity_constrained_shuffled_geometry,14011,3,normalized_regret,True,3,72,0.04395245953028251,-0.012215640104973098,0.09339944610965371,3,2000,"{""1"": 0.09339944610965371, ""2"": -0.012215640104973098, ""6"": 0.05067357258616693}"
PushT,fidelity_constrained_matched_geometry,fidelity_constrained_shuffled_geometry,14011,3,weighted_pairwise_accuracy,True,3,72,0.03767138511498571,0.017145140778245485,0.07176234452454291,3,2000,"{""1"": 0.07176234452454291, ""2"": 0.02410667004216872, ""6"": 0.017145140778245485}"
PushT,fidelity_constrained_matched_geometry,fidelity_constrained_shuffled_geometry,14011,3,top1_correct,True,3,72,0.05555555555555556,-0.041666666666666664,0.125,3,2000,"{""1"": 0.125, ""2"": -0.041666666666666664, ""6"": 0.08333333333333333}"
PushT,fidelity_constrained_matched_geometry,frozen,14011,6,normalized_regret,True,3,72,0.052906204234658666,-0.0023563436893290638,0.10090199118318104,3,2000,"{""1"": -0.0023563436893290638, ""2"": 0.06017296521012403, ""6"": 0.10090199118318102}"
PushT,fidelity_constrained_matched_geometry,frozen,14011,6,weighted_pairwise_accuracy,True,3,72,0.03723617011787739,0.03189579619874553,0.042443799174770015,3,2000,"{""1"": 0.03736891498011663, ""2"": 0.03189579619874553, ""6"": 0.042443799174770015}"
PushT,fidelity_constrained_matched_geometry,frozen,14011,6,top1_correct,True,3,72,0.041666666666666664,-0.125,0.125,3,2000,"{""1"": -0.125, ""2"": 0.125, ""6"": 0.125}"
PushT,fidelity_constrained_matched_geometry,fidelity_constrained_latent_only,14011,6,normalized_regret,True,3,72,-0.017697378527115486,-0.053092135581346456,0.0,3,2000,"{""1"": 0.0, ""2"": -0.053092135581346456, ""6"": 0.0}"
PushT,fidelity_constrained_matched_geometry,fidelity_constrained_latent_only,14011,6,weighted_pairwise_accuracy,True,3,72,0.007402959759506017,-0.0077389830270994595,0.021198150578586147,3,2000,"{""1"": 0.008749711727031362, ""2"": 0.021198150578586147, ""6"": -0.0077389830270994595}"
PushT,fidelity_constrained_matched_geometry,fidelity_constrained_latent_only,14011,6,top1_correct,True,3,72,0.0,0.0,0.0,3,2000,"{""1"": 0.0, ""2"": 0.0, ""6"": 0.0}"
PushT,fidelity_constrained_matched_geometry,fidelity_constrained_shuffled_geometry,14011,6,normalized_regret,True,3,72,-0.024408056092905566,-0.10529623970566433,0.09261569175154834,3,2000,"{""1"": -0.10529623970566435, ""2"": -0.06054362032460069, ""6"": 0.09261569175154835}"
PushT,fidelity_constrained_matched_geometry,fidelity_constrained_shuffled_geometry,14011,6,weighted_pairwise_accuracy,True,3,72,0.020324492526527377,0.01270569378227221,0.0252168708575284,3,2000,"{""1"": 0.025216870857528405, ""2"": 0.023050912939781513, ""6"": 0.01270569378227221}"
PushT,fidelity_constrained_matched_geometry,fidelity_constrained_shuffled_geometry,14011,6,top1_correct,True,3,72,0.041666666666666664,-0.08333333333333333,0.125,3,2000,"{""1"": -0.08333333333333334, ""2"": 0.125, ""6"": 0.08333333333333334}"
PushT,fidelity_constrained_matched_geometry,frozen,14029,1,normalized_regret,True,3,72,-0.02772209641061156,-0.10140619345355122,0.01823990422171654,3,2000,"{""1"": 0.01823990422171654, ""2"": 0.0, ""6"": -0.10140619345355122}"
PushT,fidelity_constrained_matched_geometry,frozen,14029,1,weighted_pairwise_accuracy,True,3,57,0.002565803127482034,-0.020874743289156103,0.01615694514326499,3,2000,"{""1"": 0.01615694514326499, ""2"": 0.012415207528337215, ""6"": -0.020874743289156103}"
PushT,fidelity_constrained_matched_geometry,frozen,14029,1,top1_correct,True,3,72,-0.027777777777777776,-0.08333333333333333,0.0,3,2000,"{""1"": 0.0, ""2"": 0.0, ""6"": -0.08333333333333333}"
PushT,fidelity_constrained_matched_geometry,fidelity_constrained_latent_only,14029,1,normalized_regret,True,3,72,-0.030789921131147424,-0.09236976339344227,0.0,3,2000,"{""1"": 0.0, ""2"": 0.0, ""6"": -0.09236976339344227}"
PushT,fidelity_constrained_matched_geometry,fidelity_constrained_latent_only,14029,1,weighted_pairwise_accuracy,True,3,57,0.00822956339351722,-0.007484386245193282,0.02847077273814678,3,2000,"{""1"": 0.02847077273814678, ""2"": -0.007484386245193282, ""6"": 0.0037023036875981578}"
PushT,fidelity_constrained_matched_geometry,fidelity_constrained_latent_only,14029,1,top1_correct,True,3,72,-0.027777777777777776,-0.08333333333333333,0.0,3,2000,"{""1"": 0.0, ""2"": 0.0, ""6"": -0.08333333333333333}"
PushT,fidelity_constrained_matched_geometry,fidelity_constrained_shuffled_geometry,14029,1,normalized_regret,True,3,72,-0.039058971680139026,-0.11850051343336727,0.041666666666666664,3,2000,"{""1"": -0.04034306827371646, ""2"": 0.041666666666666664, ""6"": -0.11850051343336729}"
PushT,fidelity_constrained_matched_geometry,fidelity_constrained_shuffled_geometry,14029,1,weighted_pairwise_accuracy,True,3,57,0.003617746293258081,-0.007422018095012928,0.01006667487353667,3,2000,"{""1"": 0.01006667487353667, ""2"": 0.0082085821012505, ""6"": -0.007422018095012929}"
PushT,fidelity_constrained_matched_geometry,fidelity_constrained_shuffled_geometry,14029,1,top1_correct,True,3,72,-0.013888888888888888,-0.08333333333333333,0.041666666666666664,3,2000,"{""1"": 0.0, ""2"": 0.041666666666666664, ""6"": -0.08333333333333333}"
PushT,fidelity_constrained_matched_geometry,frozen,14029,3,normalized_regret,True,3,72,-0.03475395296378463,-0.20670763691594105,0.06525445919498937,3,2000,"{""1"": -0.20670763691594105, ""2"": 0.03719131882959779, ""6"": 0.06525445919498937}"
PushT,fidelity_constrained_matched_geometry,frozen,14029,3,weighted_pairwise_accuracy,True,3,72,0.0007802914995947546,-0.05733246529427501,0.03427360291058321,3,2000,"{""1"": -0.057332465294275006, ""2"": 0.02539973688247606, ""6"": 0.03427360291058321}"
PushT,fidelity_constrained_matched_geometry,frozen,14029,3,top1_correct,True,3,72,0.04166666666666666,-0.20833333333333334,0.3333333333333333,3,2000,"{""1"": -0.20833333333333334, ""2"": 0.0, ""6"": 0.3333333333333333}"
PushT,fidelity_constrained_matched_geometry,fidelity_constrained_latent_only,14029,3,normalized_regret,True,3,72,-0.013514253348765548,-0.09313456078241987,0.05259180073612322,3,2000,"{""1"": -0.09313456078241987, ""2"": 0.0, ""6"": 0.052591800736123226}"
PushT,fidelity_constrained_matched_geometry,fidelity_constrained_latent_only,14029,3,weighted_pairwise_accuracy,True,3,72,-0.004726706959400945,-0.02229541220866903,0.016238966612145873,3,2000,"{""1"": -0.022295412208669034, ""2"": 0.016238966612145873, ""6"": -0.008123675281679673}"
PushT,fidelity_constrained_matched_geometry,fidelity_constrained_latent_only,14029,3,top1_correct,True,3,72,-0.013888888888888886,-0.16666666666666666,0.125,3,2000,"{""1"": -0.16666666666666666, ""2"": 0.0, ""6"": 0.125}"
PushT,fidelity_constrained_matched_geometry,fidelity_constrained_shuffled_geometry,14029,3,normalized_regret,True,3,72,-0.015769923817469413,-0.023705435263941182,-0.006173094168164135,3,2000,"{""1"": -0.023705435263941182, ""2"": -0.017431242020302933, ""6"": -0.006173094168164134}"
PushT,fidelity_constrained_matched_geometry,fidelity_constrained_shuffled_geometry,14029,3,weighted_pairwise_accuracy,True,3,72,-0.017674067867258697,-0.03363792462657658,0.001972722973564295,3,2000,"{""1"": -0.03363792462657658, ""2"": 0.001972722973564295, ""6"": -0.0213570019487638}"
PushT,fidelity_constrained_matched_geometry,fidelity_constrained_shuffled_geometry,14029,3,top1_correct,True,3,72,-0.027777777777777776,-0.20833333333333334,0.08333333333333333,3,2000,"{""1"": -0.20833333333333331, ""2"": 0.041666666666666664, ""6"": 0.08333333333333333}"
PushT,fidelity_constrained_matched_geometry,frozen,14029,6,normalized_regret,True,3,72,0.026095310238763464,-0.05827977862537378,0.14745427368239392,3,2000,"{""1"": 0.14745427368239392, ""2"": -0.05827977862537378, ""6"": -0.01088856434072974}"
PushT,fidelity_constrained_matched_geometry,frozen,14029,6,weighted_pairwise_accuracy,True,3,72,0.0031529379344301827,-0.04245816747354742,0.04939690001599282,3,2000,"{""1"": 0.0025200812608451436, ""2"": -0.04245816747354742, ""6"": 0.049396900015992826}"
PushT,fidelity_constrained_matched_geometry,frozen,14029,6,top1_correct,True,3,72,-0.08333333333333333,-0.25,0.0,3,2000,"{""1"": 0.0, ""2"": -0.25, ""6"": 0.0}"
PushT,fidelity_constrained_matched_geometry,fidelity_constrained_latent_only,14029,6,normalized_regret,True,3,72,-0.004305993999131156,-0.012917981997393468,0.0,3,2000,"{""1"": 0.0, ""2"": -0.012917981997393468, ""6"": 0.0}"
PushT,fidelity_constrained_matched_geometry,fidelity_constrained_latent_only,14029,6,weighted_pairwise_accuracy,True,3,72,0.009644133998594455,0.0070129432686297155,0.012055730662434002,3,2000,"{""1"": 0.0070129432686297155, ""2"": 0.012055730662434, ""6"": 0.009863728064719647}"
PushT,fidelity_constrained_matched_geometry,fidelity_constrained_latent_only,14029,6,top1_correct,True,3,72,-0.041666666666666664,-0.125,0.0,3,2000,"{""1"": 0.0, ""2"": -0.125, ""6"": 0.0}"
PushT,fidelity_constrained_matched_geometry,fidelity_constrained_shuffled_geometry,14029,6,normalized_regret,True,3,72,0.06013594049833602,-0.042833381952042164,0.15522396565227004,3,2000,"{""1"": 0.15522396565227004, ""2"": 0.0680172377947802, ""6"": -0.042833381952042164}"
PushT,fidelity_constrained_matched_geometry,fidelity_constrained_shuffled_geometry,14029,6,weighted_pairwise_accuracy,True,3,72,0.008511562728925533,-0.023243215175632197,0.030359903308528596,3,2000,"{""1"": 0.018418000053880203, ""2"": -0.023243215175632197, ""6"": 0.030359903308528592}"
PushT,fidelity_constrained_matched_geometry,fidelity_constrained_shuffled_geometry,14029,6,top1_correct,True,3,72,0.01388888888888889,-0.125,0.125,3,2000,"{""1"": 0.125, ""2"": -0.125, ""6"": 0.04166666666666667}"
PushT,fidelity_constrained_matched_geometry,frozen,14047,1,normalized_regret,True,3,72,0.00932029742012355,-0.028894409404591603,0.05656111592289445,3,2000,"{""1"": 0.05656111592289445, ""2"": -0.028894409404591603, ""6"": 0.00029418574206780193}"
PushT,fidelity_constrained_matched_geometry,frozen,14047,1,weighted_pairwise_accuracy,True,3,57,0.017143840341705126,-0.018613882211231825,0.05035972109640933,3,2000,"{""1"": 0.019685682139937877, ""2"": -0.018613882211231825, ""6"": 0.05035972109640933}"
PushT,fidelity_constrained_matched_geometry,frozen,14047,1,top1_correct,True,3,72,0.0,0.0,0.0,3,2000,"{""1"": 0.0, ""2"": 0.0, ""6"": 0.0}"
PushT,fidelity_constrained_matched_geometry,fidelity_constrained_latent_only,14047,1,normalized_regret,True,3,72,0.006666735435296986,-0.007160232923237336,0.015061698565772453,3,2000,"{""1"": 0.015061698565772453, ""2"": 0.01209874066335584, ""6"": -0.007160232923237336}"
PushT,fidelity_constrained_matched_geometry,fidelity_constrained_latent_only,14047,1,weighted_pairwise_accuracy,True,3,57,0.014241725894021505,-0.007835883399478445,0.038632271306192,3,2000,"{""1"": 0.038632271306192, ""2"": 0.011928789775350963, ""6"": -0.007835883399478445}"
PushT,fidelity_constrained_matched_geometry,fidelity_constrained_latent_only,14047,1,top1_correct,True,3,72,0.041666666666666664,0.0,0.125,3,2000,"{""1"": 0.125, ""2"": 0.0, ""6"": 0.0}"
PushT,fidelity_constrained_matched_geometry,fidelity_constrained_shuffled_geometry,14047,1,normalized_regret,True,3,72,-0.01556014196041391,-0.03206577429269925,0.0,3,2000,"{""1"": 0.0, ""2"": -0.03206577429269925, ""6"": -0.014614651588542475}"
PushT,fidelity_constrained_matched_geometry,fidelity_constrained_shuffled_geometry,14047,1,weighted_pairwise_accuracy,True,3,57,-0.0018097880286311035,-0.01371690232884657,0.01460340245401688,3,2000,"{""1"": 0.01460340245401688, ""2"": -0.013716902328846568, ""6"": -0.006315864211063622}"
PushT,fidelity_constrained_matched_geometry,fidelity_constrained_shuffled_geometry,14047,1,top1_correct,True,3,72,0.0,0.0,0.0,3,2000,"{""1"": 0.0, ""2"": 0.0, ""6"": 0.0}"
PushT,fidelity_constrained_matched_geometry,frozen,14047,3,normalized_regret,True,3,72,-0.004596726779482889,-0.012308941097304271,0.0,3,2000,"{""1"": -0.012308941097304271, ""2"": 0.0, ""6"": -0.001481239241144395}"
PushT,fidelity_constrained_matched_geometry,frozen,14047,3,weighted_pairwise_accuracy,True,3,72,-0.026268464485458293,-0.058114320494293124,0.01909139345714261,3,2000,"{""1"": -0.058114320494293124, ""2"": -0.03978246641922438, ""6"": 0.01909139345714261}"
PushT,fidelity_constrained_matched_geometry,frozen,14047,3,top1_correct,True,3,72,0.0,-0.125,0.125,3,2000,"{""1"": -0.125, ""2"": 0.0, ""6"": 0.125}"
PushT,fidelity_constrained_matched_geometry,fidelity_constrained_latent_only,14047,3,normalized_regret,True,3,72,0.0,0.0,0.0,3,2000,"{""1"": 0.0, ""2"": 0.0, ""6"": 0.0}"
PushT,fidelity_constrained_matched_geometry,fidelity_constrained_latent_only,14047,3,weighted_pairwise_accuracy,True,3,72,-0.009892599859500256,-0.029068764797722704,0.016434530532517762,3,2000,"{""1"": -0.029068764797722704, ""2"": -0.017043565313295823, ""6"": 0.016434530532517762}"
PushT,fidelity_constrained_matched_geometry,fidelity_constrained_latent_only,14047,3,top1_correct,True,3,72,0.0,0.0,0.0,3,2000,"{""1"": 0.0, ""2"": 0.0, ""6"": 0.0}"
PushT,fidelity_constrained_matched_geometry,fidelity_constrained_shuffled_geometry,14047,3,normalized_regret,True,3,72,0.04370671348827195,-0.01103937391789168,0.10245461999575638,3,2000,"{""1"": 0.03970489438695115, ""2"": 0.10245461999575638, ""6"": -0.011039373917891681}"
PushT,fidelity_constrained_matched_geometry,fidelity_constrained_shuffled_geometry,14047,3,weighted_pairwise_accuracy,True,3,72,0.0038741486414071748,-0.00024426369663799186,0.00863540854304545,3,2000,"{""1"": 0.0032313010778140666, ""2"": -0.00024426369663799186, ""6"": 0.00863540854304545}"
PushT,fidelity_constrained_matched_geometry,fidelity_constrained_shuffled_geometry,14047,3,top1_correct,True,3,72,0.13888888888888887,0.08333333333333333,0.16666666666666666,3,2000,"{""1"": 0.08333333333333333, ""2"": 0.16666666666666666, ""6"": 0.16666666666666666}"
PushT,fidelity_constrained_matched_geometry,frozen,14047,6,normalized_regret,True,3,72,-0.018151888059765753,-0.06071645663975176,0.0062607924604545125,3,2000,"{""1"": -0.06071645663975177, ""2"": 0.0, ""6"": 0.0062607924604545125}"
PushT,fidelity_constrained_matched_geometry,frozen,14047,6,weighted_pairwise_accuracy,True,3,72,-0.011718120569610224,-0.06386761818125604,0.027220360772990043,3,2000,"{""1"": 0.0014928956994353197, ""2"": -0.06386761818125604, ""6"": 0.027220360772990043}"
PushT,fidelity_constrained_matched_geometry,frozen,14047,6,top1_correct,True,3,72,-0.08333333333333333,-0.125,0.0,3,2000,"{""1"": -0.125, ""2"": 0.0, ""6"": -0.125}"
PushT,fidelity_constrained_matched_geometry,fidelity_constrained_latent_only,14047,6,normalized_regret,True,3,72,0.00831223840590657,0.0,0.013731640591626295,3,2000,"{""1"": 0.013731640591626295, ""2"": 0.0, ""6"": 0.011205074626093416}"
PushT,fidelity_constrained_matched_geometry,fidelity_constrained_latent_only,14047,6,weighted_pairwise_accuracy,True,3,72,-0.011511896236430022,-0.02118940149369472,0.0012107836686471082,3,2000,"{""1"": 0.0012107836686471082, ""2"": -0.02118940149369472, ""6"": -0.014557070884242454}"
PushT,fidelity_constrained_matched_geometry,fidelity_constrained_latent_only,14047,6,top1_correct,True,3,72,0.041666666666666664,0.0,0.125,3,2000,"{""1"": 0.125, ""2"": 0.0, ""6"": 0.0}"
PushT,fidelity_constrained_matched_geometry,fidelity_constrained_shuffled_geometry,14047,6,normalized_regret,True,3,72,0.007397922764513796,-0.012927395849707113,0.0351211641432485,3,2000,"{""1"": -0.012927395849707113, ""2"": 0.0, ""6"": 0.0351211641432485}"
PushT,fidelity_constrained_matched_geometry,fidelity_constrained_shuffled_geometry,14047,6,weighted_pairwise_accuracy,True,3,72,0.009335935287860081,-0.027331111632517918,0.036507042239174656,3,2000,"{""1"": 0.018831875256923505, ""2"": 0.036507042239174656, ""6"": -0.027331111632517918}"
PushT,fidelity_constrained_matched_geometry,fidelity_constrained_shuffled_geometry,14047,6,top1_correct,True,3,72,0.0,-0.041666666666666664,0.041666666666666664,3,2000,"{""1"": -0.041666666666666664, ""2"": 0.0, ""6"": 0.041666666666666664}"
PushT,fidelity_constrained_matched_geometry,frozen,14065,1,normalized_regret,True,3,72,0.0037120546976453558,-0.011265304375554954,0.02240146846849102,3,2000,"{""1"": 0.02240146846849102, ""2"": 0.0, ""6"": -0.011265304375554954}"
PushT,fidelity_constrained_matched_geometry,frozen,14065,1,weighted_pairwise_accuracy,True,3,57,-0.027213062337149874,-0.05302630271812203,-0.011744757781096647,3,2000,"{""1"": -0.011744757781096647, ""2"": -0.05302630271812203, ""6"": -0.016868126512230942}"
PushT,fidelity_constrained_matched_geometry,frozen,14065,1,top1_correct,True,3,72,-0.041666666666666664,-0.125,0.0,3,2000,"{""1"": 0.0, ""2"": 0.0, ""6"": -0.125}"
PushT,fidelity_constrained_matched_geometry,fidelity_constrained_latent_only,14065,1,normalized_regret,True,3,72,0.0288711943944396,-0.011265304375554954,0.07930815766786682,3,2000,"{""1"": 0.07930815766786682, ""2"": 0.018570729891006926, ""6"": -0.011265304375554954}"
PushT,fidelity_constrained_matched_geometry,fidelity_constrained_latent_only,14065,1,weighted_pairwise_accuracy,True,3,57,0.009305798069064461,-0.01058149590464622,0.04406633225007476,3,2000,"{""1"": -0.01058149590464622, ""2"": 0.044066332250074766, ""6"": -0.005567442138235157}"
PushT,fidelity_constrained_matched_geometry,fidelity_constrained_latent_only,14065,1,top1_correct,True,3,72,-0.041666666666666664,-0.125,0.0,3,2000,"{""1"": 0.0, ""2"": 0.0, ""6"": -0.125}"
PushT,fidelity_constrained_matched_geometry,fidelity_constrained_shuffled_geometry,14065,1,normalized_regret,True,3,72,-0.003989874700298752,-0.08333333333333333,0.08135751587018228,3,2000,"{""1"": 0.08135751587018228, ""2"": -0.08333333333333333, ""6"": -0.009993806637745207}"
PushT,fidelity_constrained_matched_geometry,fidelity_constrained_shuffled_geometry,14065,1,weighted_pairwise_accuracy,True,3,57,-0.009091988999470777,-0.06713734037136665,0.05454073987358916,3,2000,"{""1"": 0.05454073987358916, ""2"": -0.06713734037136665, ""6"": -0.014679366500634838}"
PushT,fidelity_constrained_matched_geometry,fidelity_constrained_shuffled_geometry,14065,1,top1_correct,True,3,72,-0.05555555555555555,-0.08333333333333333,0.0,3,2000,"{""1"": 0.0, ""2"": -0.08333333333333333, ""6"": -0.08333333333333333}"
PushT,fidelity_constrained_matched_geometry,frozen,14065,3,normalized_regret,True,3,72,0.004176104750703631,0.0,0.012528314252110893,3,2000,"{""1"": 0.0, ""2"": 0.012528314252110893, ""6"": 0.0}"
PushT,fidelity_constrained_matched_geometry,frozen,14065,3,weighted_pairwise_accuracy,True,3,72,-0.006135673996050458,-0.03940717410340294,0.010837637434902195,3,2000,"{""1"": 0.010837637434902195, ""2"": -0.03940717410340294, ""6"": 0.010162514680349375}"
PushT,fidelity_constrained_matched_geometry,frozen,14065,3,top1_correct,True,3,72,0.041666666666666664,0.0,0.125,3,2000,"{""1"": 0.0, ""2"": 0.125, ""6"": 0.0}"
PushT,fidelity_constrained_matched_geometry,fidelity_constrained_latent_only,14065,3,normalized_regret,True,3,72,0.0,0.0,0.0,3,2000,"{""1"": 0.0, ""2"": 0.0, ""6"": 0.0}"
PushT,fidelity_constrained_matched_geometry,fidelity_constrained_latent_only,14065,3,weighted_pairwise_accuracy,True,3,72,-0.0016141576224458535,-0.00978187071734991,0.01138313912158074,3,2000,"{""1"": 0.01138313912158074, ""2"": -0.00978187071734991, ""6"": -0.006443741271568391}"
PushT,fidelity_constrained_matched_geometry,fidelity_constrained_latent_only,14065,3,top1_correct,True,3,72,0.0,0.0,0.0,3,2000,"{""1"": 0.0, ""2"": 0.0, ""6"": 0.0}"
PushT,fidelity_constrained_matched_geometry,fidelity_constrained_shuffled_geometry,14065,3,normalized_regret,True,3,72,0.005627448848116549,-0.0016084886084120741,0.018490835152761724,3,2000,"{""1"": 0.0, ""2"": 0.018490835152761724, ""6"": -0.0016084886084120741}"
PushT,fidelity_constrained_matched_geometry,fidelity_constrained_shuffled_geometry,14065,3,weighted_pairwise_accuracy,True,3,72,-0.0027041830513454923,-0.03780592830314722,0.026917080546163447,3,2000,"{""1"": 0.02691708054616345, ""2"": -0.03780592830314722, ""6"": 0.0027762986029472914}"
PushT,fidelity_constrained_matched_geometry,fidelity_constrained_shuffled_geometry,14065,3,top1_correct,True,3,72,0.013888888888888888,0.0,0.041666666666666664,3,2000,"{""1"": 0.0, ""2"": 0.041666666666666664, ""6"": 0.0}"
PushT,fidelity_constrained_matched_geometry,frozen,14065,6,normalized_regret,True,3,72,0.00916550333174646,-0.016236907136048504,0.03713918106578017,3,2000,"{""1"": 0.03713918106578017, ""2"": -0.016236907136048504, ""6"": 0.006594236065507714}"
PushT,fidelity_constrained_matched_geometry,frozen,14065,6,weighted_pairwise_accuracy,True,3,72,-0.004085518502924647,-0.011667598426305168,0.00706357316747851,3,2000,"{""1"": 0.00706357316747851, ""2"": -0.007652530249947282, ""6"": -0.01166759842630517}"
PushT,fidelity_constrained_matched_geometry,frozen,14065,6,top1_correct,True,3,72,-0.06944444444444445,-0.125,0.041666666666666664,3,2000,"{""1"": 0.041666666666666664, ""2"": -0.125, ""6"": -0.125}"
PushT,fidelity_constrained_matched_geometry,fidelity_constrained_latent_only,14065,6,normalized_regret,True,3,72,-0.0003415609419124167,-0.011032289139080421,0.01052649449611369,3,2000,"{""1"": -0.011032289139080421, ""2"": -0.0005188881827705178, ""6"": 0.01052649449611369}"
PushT,fidelity_constrained_matched_geometry,fidelity_constrained_latent_only,14065,6,weighted_pairwise_accuracy,True,3,72,-0.006427245263850218,-0.014866372110634676,0.006381503914245308,3,2000,"{""1"": -0.01079686759516129, ""2"": 0.006381503914245308, ""6"": -0.014866372110634674}"
PushT,fidelity_constrained_matched_geometry,fidelity_constrained_latent_only,14065,6,top1_correct,True,3,72,-0.06944444444444443,-0.125,0.0,3,2000,"{""1"": -0.08333333333333333, ""2"": 0.0, ""6"": -0.125}"
PushT,fidelity_constrained_matched_geometry,fidelity_constrained_shuffled_geometry,14065,6,normalized_regret,True,3,72,-0.03367364421985286,-0.09271637703535467,0.011625161767018145,3,2000,"{""1"": -0.01992971739122206, ""2"": -0.09271637703535467, ""6"": 0.011625161767018145}"
PushT,fidelity_constrained_matched_geometry,fidelity_constrained_shuffled_geometry,14065,6,weighted_pairwise_accuracy,True,3,72,0.0011242606993799083,-0.01100992273511404,0.02251351632409936,3,2000,"{""1"": 0.022513516324099363, ""2"": -0.011009922735114041, ""6"": -0.008130811490845597}"
PushT,fidelity_constrained_matched_geometry,fidelity_constrained_shuffled_geometry,14065,6,top1_correct,True,3,72,0.013888888888888888,0.0,0.041666666666666664,3,2000,"{""1"": 0.041666666666666664, ""2"": 0.0, ""6"": 0.0}"
PushT,fidelity_constrained_matched_geometry,frozen,14083,1,normalized_regret,True,3,72,0.04904346559574294,0.0,0.09947419606441844,3,2000,"{""1"": 0.0, ""2"": 0.09947419606441844, ""6"": 0.0476562007228104}"
PushT,fidelity_constrained_matched_geometry,frozen,14083,1,weighted_pairwise_accuracy,True,3,57,0.022323187551560635,-0.06521013793971858,0.07174844084258543,3,2000,"{""1"": 0.06043125975181507, ""2"": 0.07174844084258543, ""6"": -0.06521013793971858}"
PushT,fidelity_constrained_matched_geometry,frozen,14083,1,top1_correct,True,3,72,0.041666666666666664,0.0,0.125,3,2000,"{""1"": 0.0, ""2"": 0.125, ""6"": 0.0}"
PushT,fidelity_constrained_matched_geometry,fidelity_constrained_latent_only,14083,1,normalized_regret,True,3,72,0.03374436512435515,0.0,0.09947419606441844,3,2000,"{""1"": 0.0, ""2"": 0.09947419606441844, ""6"": 0.0017588993086470068}"
PushT,fidelity_constrained_matched_geometry,fidelity_constrained_latent_only,14083,1,weighted_pairwise_accuracy,True,3,57,0.0276867377233755,-0.0007995721747515805,0.055551154152109074,3,2000,"{""1"": 0.028308631192769024, ""2"": 0.055551154152109074, ""6"": -0.0007995721747515805}"
PushT,fidelity_constrained_matched_geometry,fidelity_constrained_latent_only,14083,1,top1_correct,True,3,72,0.041666666666666664,0.0,0.125,3,2000,"{""1"": 0.0, ""2"": 0.125, ""6"": 0.0}"
PushT,fidelity_constrained_matched_geometry,fidelity_constrained_shuffled_geometry,14083,1,normalized_regret,True,3,72,0.0495554380866649,-0.008375489970012117,0.15404807301452772,3,2000,"{""1"": -0.008375489970012117, ""2"": 0.0029937312154790833, ""6"": 0.15404807301452772}"
PushT,fidelity_constrained_matched_geometry,fidelity_constrained_shuffled_geometry,14083,1,weighted_pairwise_accuracy,True,3,57,0.024044906134975886,0.00073690612593931,0.03691230536183644,3,2000,"{""1"": 0.00073690612593931, ""2"": 0.03691230536183644, ""6"": 0.034485506917151916}"
PushT,fidelity_constrained_matched_geometry,fidelity_constrained_shuffled_geometry,14083,1,top1_correct,True,3,72,0.041666666666666664,-0.041666666666666664,0.125,3,2000,"{""1"": -0.041666666666666664, ""2"": 0.041666666666666664, ""6"": 0.125}"
PushT,fidelity_constrained_matched_geometry,frozen,14083,3,normalized_regret,True,3,72,-0.00452372083212108,-0.01357116249636324,0.0,3,2000,"{""1"": 0.0, ""2"": -0.01357116249636324, ""6"": 0.0}"
PushT,fidelity_constrained_matched_geometry,frozen,14083,3,weighted_pairwise_accuracy,True,3,72,0.0012237107907989101,-0.008816428279303467,0.007068964183404465,3,2000,"{""1"": 0.005418596468295733, ""2"": -0.008816428279303467, ""6"": 0.007068964183404464}"
PushT,fidelity_constrained_matched_geometry,frozen,14083,3,top1_correct,True,3,72,-0.041666666666666664,-0.125,0.0,3,2000,"{""1"": 0.0, ""2"": -0.125, ""6"": 0.0}"
PushT,fidelity_constrained_matched_geometry,fidelity_constrained_latent_only,14083,3,normalized_regret,True,3,72,-0.013987238679589025,-0.02836634121724288,0.0,3,2000,"{""1"": -0.02836634121724288, ""2"": -0.013595374821524198, ""6"": 0.0}"
PushT,fidelity_constrained_matched_geometry,fidelity_constrained_latent_only,14083,3,weighted_pairwise_accuracy,True,3,72,-0.0047498029240346734,-0.007928380568962102,-0.0006595029644306835,3,2000,"{""1"": -0.007928380568962102, ""2"": -0.0056615252387112345, ""6"": -0.0006595029644306835}"
PushT,fidelity_constrained_matched_geometry,fidelity_constrained_latent_only,14083,3,top1_correct,True,3,72,-0.013888888888888888,-0.041666666666666664,0.0,3,2000,"{""1"": 0.0, ""2"": -0.041666666666666664, ""6"": 0.0}"
PushT,fidelity_constrained_matched_geometry,fidelity_constrained_shuffled_geometry,14083,3,normalized_regret,True,3,72,0.0037324289103019457,-0.0008683758350900572,0.012065662565995894,3,2000,"{""1"": 0.012065662565995894, ""2"": -0.0008683758350900572, ""6"": 0.0}"
PushT,fidelity_constrained_matched_geometry,fidelity_constrained_shuffled_geometry,14083,3,weighted_pairwise_accuracy,True,3,72,-0.027815407468461357,-0.061653133884077914,-0.009220012583980256,3,2000,"{""1"": -0.061653133884077914, ""2"": -0.009220012583980256, ""6"": -0.012573075937325894}"
PushT,fidelity_constrained_matched_geometry,fidelity_constrained_shuffled_geometry,14083,3,top1_correct,True,3,72,0.0,0.0,0.0,3,2000,"{""1"": 0.0, ""2"": 0.0, ""6"": 0.0}"
PushT,fidelity_constrained_matched_geometry,frozen,14083,6,normalized_regret,True,3,72,0.03387027173289745,0.0,0.09465420324240188,3,2000,"{""1"": 0.09465420324240188, ""2"": 0.0, ""6"": 0.0069566119562904675}"
PushT,fidelity_constrained_matched_geometry,frozen,14083,6,weighted_pairwise_accuracy,True,3,72,0.011145164632619787,-0.005462508210530644,0.022373214725251816,3,2000,"{""1"": 0.01652478738313819, ""2"": 0.022373214725251812, ""6"": -0.005462508210530644}"
PushT,fidelity_constrained_matched_geometry,frozen,14083,6,top1_correct,True,3,72,0.0,0.0,0.0,3,2000,"{""1"": 0.0, ""2"": 0.0, ""6"": 0.0}"
PushT,fidelity_constrained_matched_geometry,fidelity_constrained_latent_only,14083,6,normalized_regret,True,3,72,0.005147023041610784,-0.016013027520006603,0.04066396515084725,3,2000,"{""1"": 0.04066396515084725, ""2"": -0.009209868506008294, ""6"": -0.016013027520006603}"
PushT,fidelity_constrained_matched_geometry,fidelity_constrained_latent_only,14083,6,weighted_pairwise_accuracy,True,3,72,-0.007998339775319023,-0.010727717307317856,-0.004466404315800058,3,2000,"{""1"": -0.008800897702839153, ""2"": -0.004466404315800058, ""6"": -0.010727717307317856}"
PushT,fidelity_constrained_matched_geometry,fidelity_constrained_latent_only,14083,6,top1_correct,True,3,72,0.0,0.0,0.0,3,2000,"{""1"": 0.0, ""2"": 0.0, ""6"": 0.0}"
PushT,fidelity_constrained_matched_geometry,fidelity_constrained_shuffled_geometry,14083,6,normalized_regret,True,3,72,0.03869002009526172,0.0,0.1114304610681095,3,2000,"{""1"": 0.1114304610681095, ""2"": 0.0, ""6"": 0.004639599217675662}"
PushT,fidelity_constrained_matched_geometry,fidelity_constrained_shuffled_geometry,14083,6,weighted_pairwise_accuracy,True,3,72,0.0060848745688692266,-0.04928664267697171,0.06821163653176074,3,2000,"{""1"": 0.06821163653176074, ""2"": -0.000670370148181352, ""6"": -0.04928664267697171}"
PushT,fidelity_constrained_matched_geometry,fidelity_constrained_shuffled_geometry,14083,6,top1_correct,True,3,72,-0.013888888888888888,-0.041666666666666664,0.0,3,2000,"{""1"": 0.0, ""2"": 0.0, ""6"": -0.041666666666666664}"
Wall,fidelity_constrained_matched_geometry,frozen,14011,1,normalized_regret,True,3,72,-0.0015488571240472478,-0.02924154898575045,0.04153752068836294,3,2000,"{""1"": -0.016942543074754225, ""2"": -0.029241548985750453, ""6"": 0.04153752068836294}"
Wall,fidelity_constrained_matched_geometry,frozen,14011,1,weighted_pairwise_accuracy,True,3,72,0.019179895822252543,-0.014409639622035862,0.04307494431878376,3,2000,"{""1"": 0.04307494431878377, ""2"": -0.014409639622035862, ""6"": 0.028874382770009727}"
Wall,fidelity_constrained_matched_geometry,frozen,14011,1,top1_correct,True,3,72,0.125,-0.08333333333333333,0.3333333333333333,3,2000,"{""1"": -0.08333333333333334, ""2"": 0.125, ""6"": 0.3333333333333333}"
Wall,fidelity_constrained_matched_geometry,fidelity_constrained_latent_only,14011,1,normalized_regret,True,3,72,0.24639813814825898,0.13395850159374195,0.3679273235898088,3,2000,"{""1"": 0.13395850159374195, ""2"": 0.3679273235898088, ""6"": 0.23730858926122625}"
Wall,fidelity_constrained_matched_geometry,fidelity_constrained_latent_only,14011,1,weighted_pairwise_accuracy,True,3,72,0.3252459012830646,0.2075208955579337,0.4226636929411753,3,2000,"{""1"": 0.2075208955579337, ""2"": 0.42266369294117523, ""6"": 0.3455531153500847}"
Wall,fidelity_constrained_matched_geometry,fidelity_constrained_latent_only,14011,1,top1_correct,True,3,72,0.375,0.29166666666666663,0.5,3,2000,"{""1"": 0.29166666666666663, ""2"": 0.5, ""6"": 0.3333333333333333}"
Wall,fidelity_constrained_matched_geometry,fidelity_constrained_shuffled_geometry,14011,1,normalized_regret,True,3,72,0.002029276432948803,-0.02050489664173205,0.0189895452288615,3,2000,"{""1"": -0.02050489664173205, ""2"": 0.007603180711716961, ""6"": 0.0189895452288615}"
Wall,fidelity_constrained_matched_geometry,fidelity_constrained_shuffled_geometry,14011,1,weighted_pairwise_accuracy,True,3,72,0.04456480873381024,-0.04088181104155536,0.15917003472120508,3,2000,"{""1"": -0.04088181104155536, ""2"": 0.15917003472120508, ""6"": 0.015406202521780982}"
Wall,fidelity_constrained_matched_geometry,fidelity_constrained_shuffled_geometry,14011,1,top1_correct,True,3,72,0.18055555555555558,-0.16666666666666666,0.5,3,2000,"{""1"": -0.16666666666666666, ""2"": 0.5, ""6"": 0.20833333333333331}"
Wall,fidelity_constrained_matched_geometry,frozen,14011,3,normalized_regret,True,3,72,-0.004656663808832219,-0.07326202844648587,0.04409778178951451,3,2000,"{""1"": -0.07326202844648587, ""2"": 0.04409778178951451, ""6"": 0.015194255230474699}"
Wall,fidelity_constrained_matched_geometry,frozen,14011,3,weighted_pairwise_accuracy,True,3,72,0.02563001059473317,0.01835907885809207,0.03540912311686238,3,2000,"{""1"": 0.023121829809245056, ""2"": 0.01835907885809207, ""6"": 0.03540912311686238}"
Wall,fidelity_constrained_matched_geometry,frozen,14011,3,top1_correct,True,3,72,0.041666666666666664,-0.25,0.375,3,2000,"{""1"": -0.25, ""2"": 0.375, ""6"": 0.0}"
Wall,fidelity_constrained_matched_geometry,fidelity_constrained_latent_only,14011,3,normalized_regret,True,3,72,0.09892293507739447,-0.01240392377586958,0.24662817834557926,3,2000,"{""1"": -0.012403923775869578, ""2"": 0.24662817834557926, ""6"": 0.06254455066247372}"
Wall,fidelity_constrained_matched_geometry,fidelity_constrained_latent_only,14011,3,weighted_pairwise_accuracy,True,3,72,0.36360691157639996,0.20717090115784273,0.587275080819023,3,2000,"{""1"": 0.2071709011578427, ""2"": 0.587275080819023, ""6"": 0.2963747527523341}"
Wall,fidelity_constrained_matched_geometry,fidelity_constrained_latent_only,14011,3,top1_correct,True,3,72,0.125,-0.125,0.5,3,2000,"{""1"": -0.125, ""2"": 0.5, ""6"": 0.0}"
Wall,fidelity_constrained_matched_geometry,fidelity_constrained_shuffled_geometry,14011,3,normalized_regret,True,3,72,0.008639751379636018,-0.03623296433472819,0.045970557306328895,3,2000,"{""1"": -0.03623296433472819, ""2"": 0.04597055730632889, ""6"": 0.016181661167307355}"
Wall,fidelity_constrained_matched_geometry,fidelity_constrained_shuffled_geometry,14011,3,weighted_pairwise_accuracy,True,3,72,0.020591735679814673,0.012308834168595817,0.03303212844234911,3,2000,"{""1"": 0.0164342444284991, ""2"": 0.03303212844234911, ""6"": 0.012308834168595817}"
Wall,fidelity_constrained_matched_geometry,fidelity_constrained_shuffled_geometry,14011,3,top1_correct,True,3,72,0.08333333333333333,-0.125,0.375,3,2000,"{""1"": -0.125, ""2"": 0.375, ""6"": 0.0}"
Wall,fidelity_constrained_matched_geometry,frozen,14011,6,normalized_regret,True,3,72,0.018536996881988035,-0.013276711756093684,0.07117326886598202,3,2000,"{""1"": -0.013276711756093684, ""2"": -0.002285566463924228, ""6"": 0.07117326886598202}"
Wall,fidelity_constrained_matched_geometry,frozen,14011,6,weighted_pairwise_accuracy,True,3,72,0.02160752677111308,0.010706173394993511,0.04261421960708586,3,2000,"{""1"": 0.01150218731125987, ""2"": 0.010706173394993511, ""6"": 0.04261421960708586}"
Wall,fidelity_constrained_matched_geometry,frozen,14011,6,top1_correct,True,3,72,0.0,0.0,0.0,3,2000,"{""1"": 0.0, ""2"": 0.0, ""6"": 0.0}"
Wall,fidelity_constrained_matched_geometry,fidelity_constrained_latent_only,14011,6,normalized_regret,True,3,72,0.15567654281266027,0.006638355878046842,0.23379858123612474,3,2000,"{""1"": 0.006638355878046842, ""2"": 0.23379858123612474, ""6"": 0.22659269132380927}"
Wall,fidelity_constrained_matched_geometry,fidelity_constrained_latent_only,14011,6,weighted_pairwise_accuracy,True,3,72,0.27806249535550004,0.08396965914833188,0.5173767650670977,3,2000,"{""1"": 0.08396965914833188, ""2"": 0.5173767650670977, ""6"": 0.2328410618510706}"
Wall,fidelity_constrained_matched_geometry,fidelity_constrained_latent_only,14011,6,top1_correct,True,3,72,-0.041666666666666664,-0.125,0.0,3,2000,"{""1"": 0.0, ""2"": 0.0, ""6"": -0.125}"
Wall,fidelity_constrained_matched_geometry,fidelity_constrained_shuffled_geometry,14011,6,normalized_regret,True,3,72,0.009720854211555637,0.0,0.01702542375427656,3,2000,"{""1"": 0.012137138880390355, ""2"": 0.0, ""6"": 0.01702542375427656}"
Wall,fidelity_constrained_matched_geometry,fidelity_constrained_shuffled_geometry,14011,6,weighted_pairwise_accuracy,True,3,72,0.013052998144739017,-0.00864778200573436,0.05230911638172491,3,2000,"{""1"": -0.0045023399417735005, ""2"": 0.05230911638172491, ""6"": -0.00864778200573436}"
Wall,fidelity_constrained_matched_geometry,fidelity_constrained_shuffled_geometry,14011,6,top1_correct,True,3,72,-0.027777777777777776,-0.08333333333333333,0.0,3,2000,"{""1"": -0.08333333333333333, ""2"": 0.0, ""6"": 0.0}"
Wall,fidelity_constrained_matched_geometry,frozen,14029,1,normalized_regret,True,3,72,0.0781599110032604,0.060132039007480605,0.11016550603497029,3,2000,"{""1"": 0.060132039007480605, ""2"": 0.1101655060349703, ""6"": 0.0641821879673303}"
Wall,fidelity_constrained_matched_geometry,frozen,14029,1,weighted_pairwise_accuracy,True,3,72,0.0637988686820023,0.03533783859205637,0.08658184271700904,3,2000,"{""1"": 0.06947692473694148, ""2"": 0.08658184271700904, ""6"": 0.03533783859205637}"
Wall,fidelity_constrained_matched_geometry,frozen,14029,1,top1_correct,True,3,72,0.20833333333333334,0.16666666666666666,0.25,3,2000,"{""1"": 0.16666666666666669, ""2"": 0.20833333333333331, ""6"": 0.25}"
Wall,fidelity_constrained_matched_geometry,fidelity_constrained_latent_only,14029,1,normalized_regret,True,3,72,0.01617416727381484,-0.018051968654744684,0.035835585820303155,3,2000,"{""1"": -0.018051968654744684, ""2"": 0.03073888465588604, ""6"": 0.035835585820303155}"
Wall,fidelity_constrained_matched_geometry,fidelity_constrained_latent_only,14029,1,weighted_pairwise_accuracy,True,3,72,0.04703141770339764,0.02972465094873046,0.07830341887288284,3,2000,"{""1"": 0.02972465094873046, ""2"": 0.033066183288579604, ""6"": 0.07830341887288284}"
Wall,fidelity_constrained_matched_geometry,fidelity_constrained_latent_only,14029,1,top1_correct,True,3,72,-0.027777777777777773,-0.16666666666666663,0.125,3,2000,"{""1"": -0.16666666666666663, ""2"": -0.04166666666666668, ""6"": 0.125}"
Wall,fidelity_constrained_matched_geometry,fidelity_constrained_shuffled_geometry,14029,1,normalized_regret,True,3,72,0.036171593591006496,0.00913583809191623,0.051922231340753244,3,2000,"{""1"": 0.051922231340753244, ""2"": 0.047456711340350004, ""6"": 0.00913583809191623}"
Wall,fidelity_constrained_matched_geometry,fidelity_constrained_shuffled_geometry,14029,1,weighted_pairwise_accuracy,True,3,72,0.03711313902366678,0.00936263533368036,0.06333890101040154,3,2000,"{""1"": 0.03863788072691844, ""2"": 0.06333890101040154, ""6"": 0.00936263533368036}"
Wall,fidelity_constrained_matched_geometry,fidelity_constrained_shuffled_geometry,14029,1,top1_correct,True,3,72,0.09722222222222222,0.08333333333333333,0.125,3,2000,"{""1"": 0.08333333333333334, ""2"": 0.08333333333333333, ""6"": 0.125}"
Wall,fidelity_constrained_matched_geometry,frozen,14029,3,normalized_regret,True,3,72,0.028902668080119136,-0.0015947393824752136,0.06085158503395713,3,2000,"{""1"": 0.02745115858887549, ""2"": 0.06085158503395713, ""6"": -0.0015947393824752136}"
Wall,fidelity_constrained_matched_geometry,frozen,14029,3,weighted_pairwise_accuracy,True,3,72,0.1653584163076851,0.12699157641442804,0.1859402104515272,3,2000,"{""1"": 0.12699157641442804, ""2"": 0.1859402104515272, ""6"": 0.18314346205710008}"
Wall,fidelity_constrained_matched_geometry,frozen,14029,3,top1_correct,True,3,72,0.08333333333333333,0.0,0.25,3,2000,"{""1"": 0.0, ""2"": 0.25, ""6"": 0.0}"
Wall,fidelity_constrained_matched_geometry,fidelity_constrained_latent_only,14029,3,normalized_regret,True,3,72,-0.041146515408594216,-0.11234924584445423,0.02015750294843449,3,2000,"{""1"": -0.031247803329762888, ""2"": 0.02015750294843449, ""6"": -0.11234924584445424}"
Wall,fidelity_constrained_matched_geometry,fidelity_constrained_latent_only,14029,3,weighted_pairwise_accuracy,True,3,72,-0.005811464818309544,-0.04710278688160687,0.04755398840096032,3,2000,"{""1"": -0.01788559597428208, ""2"": 0.04755398840096032, ""6"": -0.04710278688160687}"
Wall,fidelity_constrained_matched_geometry,fidelity_constrained_latent_only,14029,3,top1_correct,True,3,72,-0.18055555555555558,-0.375,0.0,3,2000,"{""1"": -0.16666666666666669, ""2"": 0.0, ""6"": -0.375}"
Wall,fidelity_constrained_matched_geometry,fidelity_constrained_shuffled_geometry,14029,3,normalized_regret,True,3,72,-0.001662618747996011,-0.035613809145877175,0.03062595290188914,3,2000,"{""1"": -0.035613809145877175, ""2"": 0.03062595290188914, ""6"": 0.0}"
Wall,fidelity_constrained_matched_geometry,fidelity_constrained_shuffled_geometry,14029,3,weighted_pairwise_accuracy,True,3,72,0.11268221219422186,0.06488303343544094,0.1940949509872646,3,2000,"{""1"": 0.07906865215996006, ""2"": 0.06488303343544094, ""6"": 0.1940949509872646}"
Wall,fidelity_constrained_matched_geometry,fidelity_constrained_shuffled_geometry,14029,3,top1_correct,True,3,72,0.041666666666666664,-0.125,0.25,3,2000,"{""1"": -0.125, ""2"": 0.25, ""6"": 0.0}"
Wall,fidelity_constrained_matched_geometry,frozen,14029,6,normalized_regret,True,3,72,0.04223628614371345,-0.019915067634140526,0.10205165283165196,3,2000,"{""1"": -0.019915067634140526, ""2"": 0.04457227323362892, ""6"": 0.10205165283165196}"
Wall,fidelity_constrained_matched_geometry,frozen,14029,6,weighted_pairwise_accuracy,True,3,72,0.1097956307595615,0.031157623758702197,0.22334571736781128,3,2000,"{""1"": 0.031157623758702197, ""2"": 0.22334571736781128, ""6"": 0.07488355115217106}"
Wall,fidelity_constrained_matched_geometry,frozen,14029,6,top1_correct,True,3,72,0.0,0.0,0.0,3,2000,"{""1"": 0.0, ""2"": 0.0, ""6"": 0.0}"
Wall,fidelity_constrained_matched_geometry,fidelity_constrained_latent_only,14029,6,normalized_regret,True,3,72,-0.027543032999238607,-0.0836017712146772,0.0049526773987383435,3,2000,"{""1"": -0.00398000518177698, ""2"": 0.0049526773987383435, ""6"": -0.08360177121467718}"
Wall,fidelity_constrained_matched_geometry,fidelity_constrained_latent_only,14029,6,weighted_pairwise_accuracy,True,3,72,-0.02102684900165072,-0.09414675076123463,0.020097017228287835,3,2000,"{""1"": 0.020097017228287835, ""2"": 0.01096918652799464, ""6"": -0.09414675076123463}"
Wall,fidelity_constrained_matched_geometry,fidelity_constrained_latent_only,14029,6,top1_correct,True,3,72,-0.06944444444444443,-0.16666666666666666,0.0,3,2000,"{""1"": -0.041666666666666664, ""2"": 0.0, ""6"": -0.16666666666666666}"
Wall,fidelity_constrained_matched_geometry,fidelity_constrained_shuffled_geometry,14029,6,normalized_regret,True,3,72,0.00882685597155807,4.7645739324200916e-05,0.013852960211393392,3,2000,"{""1"": 0.012579961963956617, ""2"": 4.7645739324200916e-05, ""6"": 0.01385296021139339}"
Wall,fidelity_constrained_matched_geometry,fidelity_constrained_shuffled_geometry,14029,6,weighted_pairwise_accuracy,True,3,72,0.08648219409853274,0.0018627413576364719,0.22745870369359925,3,2000,"{""1"": 0.030125137244362443, ""2"": 0.22745870369359927, ""6"": 0.0018627413576364719}"
Wall,fidelity_constrained_matched_geometry,fidelity_constrained_shuffled_geometry,14029,6,top1_correct,True,3,72,-0.013888888888888888,-0.041666666666666664,0.0,3,2000,"{""1"": -0.041666666666666664, ""2"": 0.0, ""6"": 0.0}"
Wall,fidelity_constrained_matched_geometry,frozen,14047,1,normalized_regret,True,3,72,0.045253914690580814,-0.02743476050386584,0.1148120836014875,3,2000,"{""1"": 0.04838442097412076, ""2"": 0.11481208360148751, ""6"": -0.02743476050386584}"
Wall,fidelity_constrained_matched_geometry,frozen,14047,1,weighted_pairwise_accuracy,True,3,72,0.04747556778615413,-0.0119356984841825,0.08343025849732039,3,2000,"{""1"": 0.07093214334532448, ""2"": 0.08343025849732039, ""6"": -0.011935698484182498}"
Wall,fidelity_constrained_matched_geometry,frozen,14047,1,top1_correct,True,3,72,0.09722222222222221,-0.16666666666666666,0.375,3,2000,"{""1"": 0.08333333333333333, ""2"": 0.375, ""6"": -0.16666666666666669}"
Wall,fidelity_constrained_matched_geometry,fidelity_constrained_latent_only,14047,1,normalized_regret,True,3,72,-0.006299008994930651,-0.08734680169414043,0.05583784948769551,3,2000,"{""1"": 0.05583784948769551, ""2"": 0.012611925221652963, ""6"": -0.08734680169414043}"
Wall,fidelity_constrained_matched_geometry,fidelity_constrained_latent_only,14047,1,weighted_pairwise_accuracy,True,3,72,0.004458382836565762,-0.026056217936693677,0.05033865811704338,3,2000,"{""1"": 0.05033865811704338, ""2"": -0.010907291670652415, ""6"": -0.02605621793669368}"
Wall,fidelity_constrained_matched_geometry,fidelity_constrained_latent_only,14047,1,top1_correct,True,3,72,0.08333333333333333,-0.16666666666666666,0.20833333333333334,3,2000,"{""1"": 0.20833333333333331, ""2"": 0.20833333333333331, ""6"": -0.16666666666666666}"
Wall,fidelity_constrained_matched_geometry,fidelity_constrained_shuffled_geometry,14047,1,normalized_regret,True,3,72,0.04191506420223623,0.0018233690418081499,0.10859441374151806,3,2000,"{""1"": 0.015327409823382487, ""2"": 0.10859441374151804, ""6"": 0.0018233690418081499}"
Wall,fidelity_constrained_matched_geometry,fidelity_constrained_shuffled_geometry,14047,1,weighted_pairwise_accuracy,True,3,72,0.032427228638096224,-0.031090858233185786,0.15016070970189915,3,2000,"{""1"": -0.021788165554424706, ""2"": 0.15016070970189915, ""6"": -0.031090858233185782}"
Wall,fidelity_constrained_matched_geometry,fidelity_constrained_shuffled_geometry,14047,1,top1_correct,True,3,72,0.23611111111111108,0.12499999999999999,0.375,3,2000,"{""1"": 0.20833333333333331, ""2"": 0.375, ""6"": 0.12499999999999999}"
Wall,fidelity_constrained_matched_geometry,frozen,14047,3,normalized_regret,True,3,72,0.03363250286773885,0.0018159820318994317,0.07879912319713867,3,2000,"{""1"": 0.02028240337417845, ""2"": 0.07879912319713867, ""6"": 0.0018159820318994317}"
Wall,fidelity_constrained_matched_geometry,frozen,14047,3,weighted_pairwise_accuracy,True,3,72,0.04507834128473751,0.0033712321142613188,0.08794942075130648,3,2000,"{""1"": 0.0033712321142613183, ""2"": 0.08794942075130648, ""6"": 0.043914370988644744}"
Wall,fidelity_constrained_matched_geometry,frozen,14047,3,top1_correct,True,3,72,0.19444444444444445,0.041666666666666664,0.375,3,2000,"{""1"": 0.16666666666666669, ""2"": 0.375, ""6"": 0.041666666666666664}"
Wall,fidelity_constrained_matched_geometry,fidelity_constrained_latent_only,14047,3,normalized_regret,True,3,72,-0.020986609868242925,-0.10285787593608436,0.0417637978123529,3,2000,"{""1"": 0.0417637978123529, ""2"": -0.0018657514809973094, ""6"": -0.10285787593608436}"
Wall,fidelity_constrained_matched_geometry,fidelity_constrained_latent_only,14047,3,weighted_pairwise_accuracy,True,3,72,-0.012715627067215482,-0.05414749920416464,0.040493764170798044,3,2000,"{""1"": 0.040493764170798044, ""2"": -0.02449314616827986, ""6"": -0.05414749920416463}"
Wall,fidelity_constrained_matched_geometry,fidelity_constrained_latent_only,14047,3,top1_correct,True,3,72,0.05555555555555556,-0.4583333333333333,0.4166666666666667,3,2000,"{""1"": 0.41666666666666663, ""2"": 0.20833333333333331, ""6"": -0.4583333333333333}"
Wall,fidelity_constrained_matched_geometry,fidelity_constrained_shuffled_geometry,14047,3,normalized_regret,True,3,72,0.021951653117349784,-0.0029682361155262092,0.0451198824558211,3,2000,"{""1"": 0.023703313011754462, ""2"": 0.0451198824558211, ""6"": -0.0029682361155262092}"
Wall,fidelity_constrained_matched_geometry,fidelity_constrained_shuffled_geometry,14047,3,weighted_pairwise_accuracy,True,3,72,0.013056222904294874,-0.010163983047784514,0.026186052307468816,3,2000,"{""1"": -0.010163983047784514, ""2"": 0.026186052307468816, ""6"": 0.02314659945320032}"
Wall,fidelity_constrained_matched_geometry,fidelity_constrained_shuffled_geometry,14047,3,top1_correct,True,3,72,0.08333333333333333,0.0,0.20833333333333334,3,2000,"{""1"": 0.20833333333333331, ""2"": 0.0, ""6"": 0.041666666666666664}"
Wall,fidelity_constrained_matched_geometry,frozen,14047,6,normalized_regret,True,3,72,0.008874415487312432,-0.03249502959809714,0.05911827606003444,3,2000,"{""1"": -0.03249502959809714, ""2"": 0.0, ""6"": 0.05911827606003444}"
Wall,fidelity_constrained_matched_geometry,frozen,14047,6,weighted_pairwise_accuracy,True,3,72,0.04588908792670845,-0.02416890482081856,0.12513438415781097,3,2000,"{""1"": -0.024168904820818564, ""2"": 0.12513438415781097, ""6"": 0.03670178444313292}"
Wall,fidelity_constrained_matched_geometry,frozen,14047,6,top1_correct,True,3,72,-0.02777777777777778,-0.125,0.041666666666666664,3,2000,"{""1"": 0.041666666666666664, ""2"": 0.0, ""6"": -0.125}"
Wall,fidelity_constrained_matched_geometry,fidelity_constrained_latent_only,14047,6,normalized_regret,True,3,72,0.07263936723770754,-0.041479465787351066,0.1466299467813461,3,2000,"{""1"": 0.1466299467813461, ""2"": -0.041479465787351066, ""6"": 0.11276762071912759}"
Wall,fidelity_constrained_matched_geometry,fidelity_constrained_latent_only,14047,6,weighted_pairwise_accuracy,True,3,72,-0.0517424218182369,-0.21981572644793465,0.04672445860325356,3,2000,"{""1"": 0.04672445860325357, ""2"": -0.21981572644793462, ""6"": 0.01786400238997035}"
Wall,fidelity_constrained_matched_geometry,fidelity_constrained_latent_only,14047,6,top1_correct,True,3,72,0.08333333333333333,0.0,0.20833333333333334,3,2000,"{""1"": 0.20833333333333331, ""2"": 0.0, ""6"": 0.041666666666666664}"
Wall,fidelity_constrained_matched_geometry,fidelity_constrained_shuffled_geometry,14047,6,normalized_regret,True,3,72,0.028662705330361613,0.0,0.05777527046388046,3,2000,"{""1"": 0.0, ""2"": 0.028212845527204385, ""6"": 0.05777527046388046}"
Wall,fidelity_constrained_matched_geometry,fidelity_constrained_shuffled_geometry,14047,6,weighted_pairwise_accuracy,True,3,72,0.010546199085940214,-0.015392698071664324,0.05049306264596101,3,2000,"{""1"": -0.015392698071664324, ""2"": 0.05049306264596101, ""6"": -0.0034617673164760434}"
Wall,fidelity_constrained_matched_geometry,fidelity_constrained_shuffled_geometry,14047,6,top1_correct,True,3,72,0.0,0.0,0.0,3,2000,"{""1"": 0.0, ""2"": 0.0, ""6"": 0.0}"
Wall,fidelity_constrained_matched_geometry,frozen,14065,1,normalized_regret,True,3,72,0.02046134331423585,-0.004373517095473296,0.059956212353266695,3,2000,"{""1"": -0.004373517095473296, ""2"": 0.059956212353266695, ""6"": 0.005801334684914141}"
Wall,fidelity_constrained_matched_geometry,frozen,14065,1,weighted_pairwise_accuracy,True,3,72,0.024443400036567465,0.008817259644100378,0.03996299274001939,3,2000,"{""1"": 0.024549947725582624, ""2"": 0.03996299274001939, ""6"": 0.008817259644100378}"
Wall,fidelity_constrained_matched_geometry,frozen,14065,1,top1_correct,True,3,72,0.06944444444444443,-0.08333333333333333,0.20833333333333334,3,2000,"{""1"": -0.08333333333333333, ""2"": 0.20833333333333331, ""6"": 0.08333333333333331}"
Wall,fidelity_constrained_matched_geometry,fidelity_constrained_latent_only,14065,1,normalized_regret,True,3,72,0.03304471272704613,-0.005497779172181964,0.05707219269115599,3,2000,"{""1"": -0.005497779172181964, ""2"": 0.04755972466216438, ""6"": 0.05707219269115599}"
Wall,fidelity_constrained_matched_geometry,fidelity_constrained_latent_only,14065,1,weighted_pairwise_accuracy,True,3,72,0.025149439045106626,0.013612431465688838,0.03796956140458622,3,2000,"{""1"": 0.013612431465688838, ""2"": 0.03796956140458622, ""6"": 0.02386632426504483}"
Wall,fidelity_constrained_matched_geometry,fidelity_constrained_latent_only,14065,1,top1_correct,True,3,72,0.125,0.0,0.3333333333333333,3,2000,"{""1"": 0.04166666666666666, ""2"": 0.3333333333333333, ""6"": 0.0}"
Wall,fidelity_constrained_matched_geometry,fidelity_constrained_shuffled_geometry,14065,1,normalized_regret,True,3,72,0.0036317441577711925,-0.01719901709453016,0.023655404493762938,3,2000,"{""1"": -0.01719901709453016, ""2"": 0.023655404493762938, ""6"": 0.0044388450740807965}"
Wall,fidelity_constrained_matched_geometry,fidelity_constrained_shuffled_geometry,14065,1,weighted_pairwise_accuracy,True,3,72,0.003994053439825619,-0.019284240846798886,0.038819069465244695,3,2000,"{""1"": -0.019284240846798886, ""2"": 0.038819069465244695, ""6"": -0.007552668298968954}"
Wall,fidelity_constrained_matched_geometry,fidelity_constrained_shuffled_geometry,14065,1,top1_correct,True,3,72,-0.027777777777777766,-0.125,0.08333333333333336,3,2000,"{""1"": -0.04166666666666666, ""2"": 0.08333333333333336, ""6"": -0.125}"
Wall,fidelity_constrained_matched_geometry,frozen,14065,3,normalized_regret,True,3,72,0.00377227868515063,-0.017101086931508067,0.027932882622861102,3,2000,"{""1"": 0.027932882622861102, ""2"": 0.0004850403640988543, ""6"": -0.017101086931508067}"
Wall,fidelity_constrained_matched_geometry,frozen,14065,3,weighted_pairwise_accuracy,True,3,72,0.07351503285395415,0.019366211970541707,0.11224046528310956,3,2000,"{""1"": 0.019366211970541707, ""2"": 0.08893842130821117, ""6"": 0.11224046528310958}"
Wall,fidelity_constrained_matched_geometry,frozen,14065,3,top1_correct,True,3,72,0.08333333333333333,0.0,0.25,3,2000,"{""1"": 0.25, ""2"": 0.0, ""6"": 0.0}"
Wall,fidelity_constrained_matched_geometry,fidelity_constrained_latent_only,14065,3,normalized_regret,True,3,72,0.03718292262743837,-0.08180096866308571,0.18368329475408549,3,2000,"{""1"": 0.009666441791315369, ""2"": 0.18368329475408546, ""6"": -0.08180096866308571}"
Wall,fidelity_constrained_matched_geometry,fidelity_constrained_latent_only,14065,3,weighted_pairwise_accuracy,True,3,72,0.058965462226457654,0.0023538682786539648,0.14958423974639473,3,2000,"{""1"": 0.024958278654324255, ""2"": 0.14958423974639473, ""6"": 0.0023538682786539648}"
Wall,fidelity_constrained_matched_geometry,fidelity_constrained_latent_only,14065,3,top1_correct,True,3,72,0.125,-0.25,0.375,3,2000,"{""1"": 0.25, ""2"": 0.375, ""6"": -0.25}"
Wall,fidelity_constrained_matched_geometry,fidelity_constrained_shuffled_geometry,14065,3,normalized_regret,True,3,72,-0.014545199505881767,-0.040375846586295464,0.028669524033826665,3,2000,"{""1"": 0.028669524033826665, ""2"": -0.040375846586295464, ""6"": -0.0319292759651765}"
Wall,fidelity_constrained_matched_geometry,fidelity_constrained_shuffled_geometry,14065,3,weighted_pairwise_accuracy,True,3,72,0.02055894027447978,0.01183902084574491,0.03157722056887575,3,2000,"{""1"": 0.018260579408818676, ""2"": 0.01183902084574491, ""6"": 0.03157722056887575}"
Wall,fidelity_constrained_matched_geometry,fidelity_constrained_shuffled_geometry,14065,3,top1_correct,True,3,72,0.09722222222222222,-0.08333333333333333,0.25,3,2000,"{""1"": 0.25, ""2"": 0.125, ""6"": -0.08333333333333333}"
Wall,fidelity_constrained_matched_geometry,frozen,14065,6,normalized_regret,True,3,72,-0.0106098031894079,-0.012451209905881472,-0.008798592687839382,3,2000,"{""1"": -0.008798592687839382, ""2"": -0.012451209905881472, ""6"": -0.010579606974502845}"
Wall,fidelity_constrained_matched_geometry,frozen,14065,6,weighted_pairwise_accuracy,True,3,72,0.05771595544437292,0.007122639303535419,0.11925343472212473,3,2000,"{""1"": 0.007122639303535419, ""2"": 0.11925343472212473, ""6"": 0.04677179230745862}"
Wall,fidelity_constrained_matched_geometry,frozen,14065,6,top1_correct,True,3,72,-0.013888888888888888,-0.041666666666666664,0.0,3,2000,"{""1"": -0.041666666666666664, ""2"": 0.0, ""6"": 0.0}"
Wall,fidelity_constrained_matched_geometry,fidelity_constrained_latent_only,14065,6,normalized_regret,True,3,72,0.104914805887309,-0.0212526512706701,0.21894184827570248,3,2000,"{""1"": -0.021252651270670102, ""2"": 0.21894184827570246, ""6"": 0.11705522065689467}"
Wall,fidelity_constrained_matched_geometry,fidelity_constrained_latent_only,14065,6,weighted_pairwise_accuracy,True,3,72,0.03555356393526289,0.012707638531208166,0.05536356863238754,3,2000,"{""1"": 0.03858948464219297, ""2"": 0.05536356863238754, ""6"": 0.012707638531208166}"
Wall,fidelity_constrained_matched_geometry,fidelity_constrained_latent_only,14065,6,top1_correct,True,3,72,-0.05555555555555556,-0.20833333333333334,0.041666666666666664,3,2000,"{""1"": -0.20833333333333334, ""2"": 0.0, ""6"": 0.041666666666666664}"
Wall,fidelity_constrained_matched_geometry,fidelity_constrained_shuffled_geometry,14065,6,normalized_regret,True,3,72,-0.0029484852175684756,-0.07117474487070521,0.044023199946494444,3,2000,"{""1"": 0.01830608927150534, ""2"": -0.07117474487070521, ""6"": 0.044023199946494444}"
Wall,fidelity_constrained_matched_geometry,fidelity_constrained_shuffled_geometry,14065,6,weighted_pairwise_accuracy,True,3,72,-0.008009153039511422,-0.06010316509810091,0.04085446471413398,3,2000,"{""1"": -0.004778758734567337, ""2"": -0.06010316509810091, ""6"": 0.04085446471413398}"
Wall,fidelity_constrained_matched_geometry,fidelity_constrained_shuffled_geometry,14065,6,top1_correct,True,3,72,0.0,-0.08333333333333333,0.08333333333333333,3,2000,"{""1"": 0.08333333333333333, ""2"": -0.08333333333333333, ""6"": 0.0}"
Wall,fidelity_constrained_matched_geometry,frozen,14083,1,normalized_regret,True,3,72,0.021654272763618688,-0.006820606673056941,0.04443250537669391,3,2000,"{""1"": -0.006820606673056942, ""2"": 0.04443250537669391, ""6"": 0.027350919587219094}"
Wall,fidelity_constrained_matched_geometry,frozen,14083,1,weighted_pairwise_accuracy,True,3,72,-0.0039158390098159,-0.03300680030123765,0.04276355708324437,3,2000,"{""1"": -0.03300680030123765, ""2"": 0.04276355708324437, ""6"": -0.021504273811454422}"
Wall,fidelity_constrained_matched_geometry,frozen,14083,1,top1_correct,True,3,72,0.06944444444444443,0.04166666666666666,0.125,3,2000,"{""1"": 0.041666666666666664, ""2"": 0.125, ""6"": 0.04166666666666666}"
Wall,fidelity_constrained_matched_geometry,fidelity_constrained_latent_only,14083,1,normalized_regret,True,3,72,0.0010341516335542085,-0.05774454973957466,0.05340410839489373,3,2000,"{""1"": 0.05340410839489373, ""2"": 0.007442896245343555, ""6"": -0.05774454973957466}"
Wall,fidelity_constrained_matched_geometry,fidelity_constrained_latent_only,14083,1,weighted_pairwise_accuracy,True,3,72,0.052980643257598874,-0.0047455009126710634,0.12402937718474298,3,2000,"{""1"": 0.0396580535007247, ""2"": 0.12402937718474298, ""6"": -0.0047455009126710634}"
Wall,fidelity_constrained_matched_geometry,fidelity_constrained_latent_only,14083,1,top1_correct,True,3,72,-0.041666666666666664,-0.16666666666666666,0.041666666666666664,3,2000,"{""1"": 0.041666666666666664, ""2"": 0.0, ""6"": -0.16666666666666666}"
Wall,fidelity_constrained_matched_geometry,fidelity_constrained_shuffled_geometry,14083,1,normalized_regret,True,3,72,0.015860664204635253,-0.010045686691306488,0.06277482338828232,3,2000,"{""1"": -0.005147144083070064, ""2"": 0.06277482338828232, ""6"": -0.010045686691306488}"
Wall,fidelity_constrained_matched_geometry,fidelity_constrained_shuffled_geometry,14083,1,weighted_pairwise_accuracy,True,3,72,-0.00911716633128134,-0.0583786411277508,0.05480457273687966,3,2000,"{""1"": -0.0583786411277508, ""2"": 0.05480457273687966, ""6"": -0.023777430602972882}"
Wall,fidelity_constrained_matched_geometry,fidelity_constrained_shuffled_geometry,14083,1,top1_correct,True,3,72,0.09722222222222221,0.041666666666666664,0.16666666666666663,3,2000,"{""1"": 0.08333333333333333, ""2"": 0.041666666666666664, ""6"": 0.16666666666666663}"
Wall,fidelity_constrained_matched_geometry,frozen,14083,3,normalized_regret,True,3,72,0.09921056477519752,0.03778998454699686,0.2169874510285108,3,2000,"{""1"": 0.03778998454699686, ""2"": 0.2169874510285108, ""6"": 0.042854258750084834}"
Wall,fidelity_constrained_matched_geometry,frozen,14083,3,weighted_pairwise_accuracy,True,3,72,0.03488373275794194,-0.002932944050307888,0.054342209190115516,3,2000,"{""1"": 0.054342209190115516, ""2"": 0.05324193313401819, ""6"": -0.002932944050307888}"
Wall,fidelity_constrained_matched_geometry,frozen,14083,3,top1_correct,True,3,72,0.23611111111111108,0.125,0.3333333333333333,3,2000,"{""1"": 0.3333333333333333, ""2"": 0.25, ""6"": 0.125}"
Wall,fidelity_constrained_matched_geometry,fidelity_constrained_latent_only,14083,3,normalized_regret,True,3,72,-0.009012848206885188,-0.039453371363786655,0.02825488213267326,3,2000,"{""1"": 0.02825488213267326, ""2"": -0.01584005538954217, ""6"": -0.039453371363786655}"
Wall,fidelity_constrained_matched_geometry,fidelity_constrained_latent_only,14083,3,weighted_pairwise_accuracy,True,3,72,0.024862348090524563,-0.05635288679493006,0.15516165895767353,3,2000,"{""1"": 0.15516165895767353, ""2"": -0.05635288679493006, ""6"": -0.024221727891169786}"
Wall,fidelity_constrained_matched_geometry,fidelity_constrained_latent_only,14083,3,top1_correct,True,3,72,0.013888888888888895,-0.08333333333333331,0.08333333333333333,3,2000,"{""1"": 0.08333333333333333, ""2"": 0.041666666666666664, ""6"": -0.08333333333333331}"
Wall,fidelity_constrained_matched_geometry,fidelity_constrained_shuffled_geometry,14083,3,normalized_regret,True,3,72,0.025277022666383542,-0.02725618201050732,0.07733776919796467,3,2000,"{""1"": 0.02574948081169327, ""2"": 0.07733776919796467, ""6"": -0.02725618201050732}"
Wall,fidelity_constrained_matched_geometry,fidelity_constrained_shuffled_geometry,14083,3,weighted_pairwise_accuracy,True,3,72,0.02923280229179101,-0.01187873048490693,0.06041007507771707,3,2000,"{""1"": 0.03916706228256288, ""2"": 0.06041007507771707, ""6"": -0.011878730484906928}"
Wall,fidelity_constrained_matched_geometry,fidelity_constrained_shuffled_geometry,14083,3,top1_correct,True,3,72,0.06944444444444443,-0.125,0.20833333333333334,3,2000,"{""1"": 0.20833333333333331, ""2"": 0.125, ""6"": -0.125}"
Wall,fidelity_constrained_matched_geometry,frozen,14083,6,normalized_regret,True,3,72,-0.0013029103193611194,-0.022155946029539034,0.038445102368615404,3,2000,"{""1"": -0.022155946029539034, ""2"": 0.038445102368615404, ""6"": -0.02019788729715973}"
Wall,fidelity_constrained_matched_geometry,frozen,14083,6,weighted_pairwise_accuracy,True,3,72,0.0327155227475577,0.007828918410682603,0.06384315733895693,3,2000,"{""1"": 0.007828918410682603, ""2"": 0.026474492493033568, ""6"": 0.06384315733895693}"
Wall,fidelity_constrained_matched_geometry,frozen,14083,6,top1_correct,True,3,72,0.0,0.0,0.0,3,2000,"{""1"": 0.0, ""2"": 0.0, ""6"": 0.0}"
Wall,fidelity_constrained_matched_geometry,fidelity_constrained_latent_only,14083,6,normalized_regret,True,3,72,-0.02941841909811177,-0.04279100922257565,-0.01682759161284301,3,2000,"{""1"": -0.028636656458916658, ""2"": -0.04279100922257566, ""6"": -0.01682759161284301}"
Wall,fidelity_constrained_matched_geometry,fidelity_constrained_latent_only,14083,6,weighted_pairwise_accuracy,True,3,72,-0.04968892718610566,-0.14455490527653772,0.02086467933528846,3,2000,"{""1"": 0.02086467933528846, ""2"": -0.14455490527653772, ""6"": -0.02537655561706771}"
Wall,fidelity_constrained_matched_geometry,fidelity_constrained_latent_only,14083,6,top1_correct,True,3,72,-0.09722222222222222,-0.125,-0.041666666666666664,3,2000,"{""1"": -0.125, ""2"": -0.125, ""6"": -0.041666666666666664}"
Wall,fidelity_constrained_matched_geometry,fidelity_constrained_shuffled_geometry,14083,6,normalized_regret,True,3,72,0.006934335430467876,1.1904032870652462e-05,0.013852960211393392,3,2000,"{""1"": 0.006938142047139589, ""2"": 1.1904032870652462e-05, ""6"": 0.01385296021139339}"
Wall,fidelity_constrained_matched_geometry,fidelity_constrained_shuffled_geometry,14083,6,weighted_pairwise_accuracy,True,3,72,0.020706920582016394,-0.003813947150010183,0.04439815675556133,3,2000,"{""1"": -0.003813947150010183, ""2"": 0.021536552140498034, ""6"": 0.04439815675556133}"
Wall,fidelity_constrained_matched_geometry,fidelity_constrained_shuffled_geometry,14083,6,top1_correct,True,3,72,-0.013888888888888888,-0.041666666666666664,0.0,3,2000,"{""1"": -0.041666666666666664, ""2"": 0.0, ""6"": 0.0}"
