environment,treatment,baseline,horizon,metric,positive_means_treatment_better,adaptation_seeds_averaged_within_task,estimate,low,high,n_tasks,n_bootstrap,task_means_json
PushT,fidelity_constrained_matched_geometry,frozen,1,normalized_regret,True,3,0.006481129206376123,0.0,0.01944338761912837,3,2000,"{""1"": 0.0, ""2"": 0.0, ""6"": 0.01944338761912837}"
PushT,fidelity_constrained_matched_geometry,frozen,1,weighted_pairwise_accuracy,True,3,0.034673608496694486,0.024380040376319124,0.04530834992282532,3,2000,"{""1"": 0.024380040376319124, ""2"": 0.03433243519093902, ""6"": 0.04530834992282532}"
PushT,fidelity_constrained_matched_geometry,frozen,1,top1_correct,True,3,0.0,0.0,0.0,3,2000,"{""1"": 0.0, ""2"": 0.0, ""6"": 0.0}"
PushT,fidelity_constrained_matched_geometry,fidelity_constrained_latent_only,1,normalized_regret,True,3,0.00348739799089704,-0.00898119364643725,0.01944338761912837,3,2000,"{""1"": 0.0, ""2"": -0.00898119364643725, ""6"": 0.01944338761912837}"
PushT,fidelity_constrained_matched_geometry,fidelity_constrained_latent_only,1,weighted_pairwise_accuracy,True,3,0.02261017121666775,0.0025373685306028996,0.03559583161599719,3,2000,"{""1"": 0.029697313503403166, ""2"": 0.03559583161599719, ""6"": 0.0025373685306028996}"
PushT,fidelity_constrained_matched_geometry,fidelity_constrained_latent_only,1,top1_correct,True,3,-0.041666666666666664,-0.125,0.0,3,2000,"{""1"": 0.0, ""2"": -0.125, ""6"": 0.0}"
PushT,fidelity_constrained_matched_geometry,fidelity_constrained_shuffled_geometry,1,normalized_regret,True,3,0.000766364106745715,0.0,0.002299092320237145,3,2000,"{""1"": 0.0, ""2"": 0.0, ""6"": 0.002299092320237145}"
PushT,fidelity_constrained_matched_geometry,fidelity_constrained_shuffled_geometry,1,weighted_pairwise_accuracy,True,3,-0.007804055778335615,-0.009160459693702256,-0.0051438051636058905,3,2000,"{""1"": -0.0051438051636058905, ""2"": -0.009160459693702256, ""6"": -0.009107902477698701}"
PushT,fidelity_constrained_matched_geometry,fidelity_constrained_shuffled_geometry,1,top1_correct,True,3,0.0,0.0,0.0,3,2000,"{""1"": 0.0, ""2"": 0.0, ""6"": 0.0}"
PushT,fidelity_constrained_matched_geometry,frozen,3,normalized_regret,True,3,0.046054466781272986,-0.1356049132510629,0.25847048729141225,3,2000,"{""1"": 0.25847048729141225, ""2"": -0.1356049132510629, ""6"": 0.015297826303469597}"
PushT,fidelity_constrained_matched_geometry,frozen,3,weighted_pairwise_accuracy,True,3,-0.009750556038812674,-0.029063753166277514,0.02514582408624096,3,2000,"{""1"": 0.025145824086240963, ""2"": -0.029063753166277514, ""6"": -0.02533373903640147}"
PushT,fidelity_constrained_matched_geometry,frozen,3,top1_correct,True,3,0.0,-0.25,0.25,3,2000,"{""1"": 0.25, ""2"": -0.25, ""6"": 0.0}"
PushT,fidelity_constrained_matched_geometry,fidelity_constrained_latent_only,3,normalized_regret,True,3,0.025741659451348587,0.0,0.07722497835404576,3,2000,"{""1"": 0.07722497835404576, ""2"": 0.0, ""6"": 0.0}"
PushT,fidelity_constrained_matched_geometry,fidelity_constrained_latent_only,3,weighted_pairwise_accuracy,True,3,0.005407055573194579,-0.0204732429788144,0.02738450236463162,3,2000,"{""1"": 0.02738450236463162, ""2"": 0.009309907333766514, ""6"": -0.0204732429788144}"
PushT,fidelity_constrained_matched_geometry,fidelity_constrained_latent_only,3,top1_correct,True,3,0.041666666666666664,0.0,0.125,3,2000,"{""1"": 0.125, ""2"": 0.0, ""6"": 0.0}"
PushT,fidelity_constrained_matched_geometry,fidelity_constrained_shuffled_geometry,3,normalized_regret,True,3,0.03345266848369445,-0.040786124464572596,0.16152037550159165,3,2000,"{""1"": 0.16152037550159165, ""2"": -0.040786124464572596, ""6"": -0.0203762455859357}"
PushT,fidelity_constrained_matched_geometry,fidelity_constrained_shuffled_geometry,3,weighted_pairwise_accuracy,True,3,0.0018478896422606291,-0.015010277500200514,0.027864457859257303,3,2000,"{""1"": 0.027864457859257303, ""2"": -0.007310511432274902, ""6"": -0.015010277500200514}"
PushT,fidelity_constrained_matched_geometry,fidelity_constrained_shuffled_geometry,3,top1_correct,True,3,0.041666666666666664,-0.125,0.25,3,2000,"{""1"": 0.25, ""2"": -0.125, ""6"": 0.0}"
PushT,fidelity_constrained_matched_geometry,frozen,6,normalized_regret,True,3,-0.038037043204367856,-0.125,0.010888870386896433,3,2000,"{""1"": -0.125, ""2"": 0.0, ""6"": 0.010888870386896433}"
PushT,fidelity_constrained_matched_geometry,frozen,6,weighted_pairwise_accuracy,True,3,0.013713169849129287,0.008520685225146745,0.019192320455991597,3,2000,"{""1"": 0.013426503866249523, ""2"": 0.008520685225146745, ""6"": 0.019192320455991597}"
PushT,fidelity_constrained_matched_geometry,frozen,6,top1_correct,True,3,-0.041666666666666664,-0.125,0.0,3,2000,"{""1"": -0.125, ""2"": 0.0, ""6"": 0.0}"
PushT,fidelity_constrained_matched_geometry,fidelity_constrained_latent_only,6,normalized_regret,True,3,-0.013379086022395964,-0.04013725806718789,0.0,3,2000,"{""1"": -0.04013725806718789, ""2"": 0.0, ""6"": 0.0}"
PushT,fidelity_constrained_matched_geometry,fidelity_constrained_latent_only,6,weighted_pairwise_accuracy,True,3,0.017667415204568767,0.00962844245307818,0.03052522162565784,3,2000,"{""1"": 0.03052522162565784, ""2"": 0.012848581534970285, ""6"": 0.00962844245307818}"
PushT,fidelity_constrained_matched_geometry,fidelity_constrained_latent_only,6,top1_correct,True,3,0.0,0.0,0.0,3,2000,"{""1"": 0.0, ""2"": 0.0, ""6"": 0.0}"
PushT,fidelity_constrained_matched_geometry,fidelity_constrained_shuffled_geometry,6,normalized_regret,True,3,-0.07254889509066702,-0.20833333333333334,0.0,3,2000,"{""1"": -0.20833333333333331, ""2"": 0.0, ""6"": -0.009313351938667724}"
PushT,fidelity_constrained_matched_geometry,fidelity_constrained_shuffled_geometry,6,weighted_pairwise_accuracy,True,3,0.008294939693594475,-0.01322093052343924,0.021267371698566444,3,2000,"{""1"": 0.016838377905656225, ""2"": -0.01322093052343924, ""6"": 0.02126737169856644}"
PushT,fidelity_constrained_matched_geometry,fidelity_constrained_shuffled_geometry,6,top1_correct,True,3,-0.09722222222222221,-0.20833333333333334,0.0,3,2000,"{""1"": -0.20833333333333331, ""2"": 0.0, ""6"": -0.08333333333333333}"
Wall,fidelity_constrained_matched_geometry,frozen,1,normalized_regret,True,3,0.03212828435322839,-0.0038885932090403086,0.056005525577983106,3,2000,"{""1"": 0.056005525577983106, ""2"": -0.0038885932090403086, ""6"": 0.04426792069074237}"
Wall,fidelity_constrained_matched_geometry,frozen,1,weighted_pairwise_accuracy,True,3,0.027585976598890966,0.016186827014551312,0.042885365103833305,3,2000,"{""1"": 0.016186827014551312, ""2"": 0.02368573767828829, ""6"": 0.042885365103833305}"
Wall,fidelity_constrained_matched_geometry,frozen,1,top1_correct,True,3,0.041666666666666664,-0.125,0.25,3,2000,"{""1"": 0.0, ""2"": 0.25, ""6"": -0.125}"
Wall,fidelity_constrained_matched_geometry,fidelity_constrained_latent_only,1,normalized_regret,True,3,-0.05991849366172586,-0.09899944490974737,-0.006304607171094846,3,2000,"{""1"": -0.006304607171094845, ""2"": -0.09899944490974735, ""6"": -0.07445142890433538}"
Wall,fidelity_constrained_matched_geometry,fidelity_constrained_latent_only,1,weighted_pairwise_accuracy,True,3,-0.027141400616964375,-0.06565058288997642,0.014165543424359751,3,2000,"{""1"": -0.029939162385276444, ""2"": 0.014165543424359751, ""6"": -0.06565058288997642}"
Wall,fidelity_constrained_matched_geometry,fidelity_constrained_latent_only,1,top1_correct,True,3,-0.125,-0.375,0.0,3,2000,"{""1"": 0.0, ""2"": 0.0, ""6"": -0.375}"
Wall,fidelity_constrained_matched_geometry,fidelity_constrained_shuffled_geometry,1,normalized_regret,True,3,0.004813119747257645,-0.03154992971201079,0.03902323161550281,3,2000,"{""1"": 0.006966057338280915, ""2"": -0.03154992971201079, ""6"": 0.03902323161550281}"
Wall,fidelity_constrained_matched_geometry,fidelity_constrained_shuffled_geometry,1,weighted_pairwise_accuracy,True,3,0.011895719771598786,-0.001729973291797528,0.01872369525259269,3,2000,"{""1"": -0.001729973291797528, ""2"": 0.018693437354001197, ""6"": 0.01872369525259269}"
Wall,fidelity_constrained_matched_geometry,fidelity_constrained_shuffled_geometry,1,top1_correct,True,3,0.05555555555555556,-0.125,0.20833333333333334,3,2000,"{""1"": 0.08333333333333333, ""2"": 0.20833333333333334, ""6"": -0.125}"
Wall,fidelity_constrained_matched_geometry,frozen,3,normalized_regret,True,3,-0.00943843694767661,-0.07108761742006084,0.06288968066090635,3,2000,"{""1"": 0.06288968066090635, ""2"": -0.020117374083875338, ""6"": -0.07108761742006084}"
Wall,fidelity_constrained_matched_geometry,frozen,3,weighted_pairwise_accuracy,True,3,0.054017704320521075,0.0020124016054853164,0.12101835190445591,3,2000,"{""1"": 0.1210183519044559, ""2"": 0.0020124016054853164, ""6"": 0.039022359451621996}"
Wall,fidelity_constrained_matched_geometry,frozen,3,top1_correct,True,3,0.055555555555555546,-0.125,0.29166666666666663,3,2000,"{""1"": 0.29166666666666663, ""2"": -0.125, ""6"": 0.0}"
Wall,fidelity_constrained_matched_geometry,fidelity_constrained_latent_only,3,normalized_regret,True,3,-0.0018876805760168955,-0.028499642435562005,0.021712054053534744,3,2000,"{""1"": 0.0011245466539765749, ""2"": 0.021712054053534744, ""6"": -0.028499642435562005}"
Wall,fidelity_constrained_matched_geometry,fidelity_constrained_latent_only,3,weighted_pairwise_accuracy,True,3,-0.016374664979328934,-0.07481679434911834,0.06409641106691238,3,2000,"{""1"": -0.03840361165578085, ""2"": 0.06409641106691238, ""6"": -0.07481679434911834}"
Wall,fidelity_constrained_matched_geometry,fidelity_constrained_latent_only,3,top1_correct,True,3,0.13888888888888887,0.0,0.29166666666666663,3,2000,"{""1"": 0.29166666666666663, ""2"": 0.125, ""6"": 0.0}"
Wall,fidelity_constrained_matched_geometry,fidelity_constrained_shuffled_geometry,3,normalized_regret,True,3,-0.011428744468737368,-0.054630614120019384,0.013926487095785428,3,2000,"{""1"": 0.006417893618021853, ""2"": 0.013926487095785428, ""6"": -0.054630614120019384}"
Wall,fidelity_constrained_matched_geometry,fidelity_constrained_shuffled_geometry,3,weighted_pairwise_accuracy,True,3,0.004757849609033942,-0.005458061045531169,0.011223666399189461,3,2000,"{""1"": 0.011223666399189461, ""2"": -0.005458061045531169, ""6"": 0.008507943473443535}"
Wall,fidelity_constrained_matched_geometry,fidelity_constrained_shuffled_geometry,3,top1_correct,True,3,0.08333333333333333,-0.041666666666666664,0.29166666666666663,3,2000,"{""1"": 0.29166666666666663, ""2"": 0.0, ""6"": -0.041666666666666664}"
Wall,fidelity_constrained_matched_geometry,frozen,6,normalized_regret,True,3,-0.006638355878046842,-0.019915067634140526,0.0,3,2000,"{""1"": -0.019915067634140526, ""2"": 0.0, ""6"": 0.0}"
Wall,fidelity_constrained_matched_geometry,frozen,6,weighted_pairwise_accuracy,True,3,-0.01652112238413098,-0.027748427244674714,-7.719613423277406e-05,3,2000,"{""1"": -0.021737743773485453, ""2"": -7.719613423277406e-05, ""6"": -0.027748427244674714}"
Wall,fidelity_constrained_matched_geometry,frozen,6,top1_correct,True,3,0.0,0.0,0.0,3,2000,"{""1"": 0.0, ""2"": 0.0, ""6"": 0.0}"
Wall,fidelity_constrained_matched_geometry,fidelity_constrained_latent_only,6,normalized_regret,True,3,0.0028128635265097235,-0.03815406503691238,0.04659265561644155,3,2000,"{""1"": 0.0, ""2"": 0.04659265561644155, ""6"": -0.03815406503691238}"
Wall,fidelity_constrained_matched_geometry,fidelity_constrained_latent_only,6,weighted_pairwise_accuracy,True,3,-0.015047914751096403,-0.09353212327662763,0.11885773405542965,3,2000,"{""1"": -0.07046935503209123, ""2"": 0.11885773405542965, ""6"": -0.09353212327662763}"
Wall,fidelity_constrained_matched_geometry,fidelity_constrained_latent_only,6,top1_correct,True,3,0.02777777777777778,0.0,0.08333333333333333,3,2000,"{""1"": 0.0, ""2"": 0.0, ""6"": 0.08333333333333334}"
Wall,fidelity_constrained_matched_geometry,fidelity_constrained_shuffled_geometry,6,normalized_regret,True,3,-0.0032258080299267453,-0.009677424089780236,0.0,3,2000,"{""1"": -0.009677424089780236, ""2"": 0.0, ""6"": 0.0}"
Wall,fidelity_constrained_matched_geometry,fidelity_constrained_shuffled_geometry,6,weighted_pairwise_accuracy,True,3,-0.04492775993500475,-0.06077900376401532,-0.033556088625159734,3,2000,"{""1"": -0.033556088625159734, ""2"": -0.06077900376401532, ""6"": -0.04044818741583921}"
Wall,fidelity_constrained_matched_geometry,fidelity_constrained_shuffled_geometry,6,top1_correct,True,3,-0.027777777777777776,-0.08333333333333333,0.0,3,2000,"{""1"": -0.08333333333333333, ""2"": 0.0, ""6"": 0.0}"
