model,ridge,held_out_group,mse
countsketch_15161,0.0001,0,1.507993301676267
countsketch_15161,0.0001,2,1.07717956212163
countsketch_15161,0.0001,4,2.0510156639893973
countsketch_15161,0.0001,6,0.6441017674922513
countsketch_15161,0.0001,mean,1.3200725738198864
countsketch_15161,0.001,0,1.5065762786698524
countsketch_15161,0.001,2,1.0775126756361022
countsketch_15161,0.001,4,2.0489209962283295
countsketch_15161,0.001,6,0.6441156461812307
countsketch_15161,0.001,mean,1.3192813991788785
countsketch_15161,0.01,0,1.4929623821387188
countsketch_15161,0.01,2,1.0807767067002088
countsketch_15161,0.01,4,2.0288392330106433
countsketch_15161,0.01,6,0.6442987719556678
countsketch_15161,0.01,mean,1.3117192734513095
countsketch_15161,0.1,0,1.3957754221736778
countsketch_15161,0.1,2,1.1078024986321784
countsketch_15161,0.1,4,1.8880384683844842
countsketch_15161,0.1,6,0.6490209377690891
countsketch_15161,0.1,mean,1.2601593317398574
countsketch_15161,1.0,0,1.1659767403088124
countsketch_15161,1.0,2,1.1953582000715175
countsketch_15161,1.0,4,1.6136820307702628
countsketch_15161,1.0,6,0.702924339856296
countsketch_15161,1.0,mean,1.1694853277517223
countsketch_15161,10.0,0,0.9324516875277237
countsketch_15161,10.0,2,1.2592314123106199
countsketch_15161,10.0,4,1.5384662383959748
countsketch_15161,10.0,6,0.7507727902481134
countsketch_15161,10.0,mean,1.120230532120608
countsketch_15161,100.0,0,0.8204058459529646
countsketch_15161,100.0,2,1.3889105300291598
countsketch_15161,100.0,4,1.547573115716413
countsketch_15161,100.0,6,0.7331603603605829
countsketch_15161,100.0,mean,1.12251246301478
countsketch_15161,1000.0,0,0.987789116699074
countsketch_15161,1000.0,2,1.456997817815996
countsketch_15161,1000.0,4,1.6389116900756375
countsketch_15161,1000.0,6,0.8312785319081414
countsketch_15161,1000.0,mean,1.2287442891247122
countsketch_15161,10000.0,0,1.2592336464911278
countsketch_15161,10000.0,2,1.4199069075990385
countsketch_15161,10000.0,4,1.884518677148954
countsketch_15161,10000.0,6,1.0140984504749178
countsketch_15161,10000.0,mean,1.3944394204285093
countsketch_15161,100000.0,0,1.4466351679763176
countsketch_15161,100000.0,2,1.5978169402782447
countsketch_15161,100000.0,4,2.1435409131061998
countsketch_15161,100000.0,6,1.3037450657311234
countsketch_15161,100000.0,mean,1.6229345217729714
countsketch_15161,1000000.0,0,1.499247810648952
countsketch_15161,1000000.0,2,1.7034889625357537
countsketch_15161,1000000.0,4,2.2243484534149003
countsketch_15161,1000000.0,6,1.419054812074038
countsketch_15161,1000000.0,mean,1.711535009668411
countsketch_15173,0.0001,0,0.41729829069861246
countsketch_15173,0.0001,2,1.268341011037344
countsketch_15173,0.0001,4,1.6645589299166967
countsketch_15173,0.0001,6,1.3734019494660363
countsketch_15173,0.0001,mean,1.1809000452796723
countsketch_15173,0.001,0,0.41686003999387106
countsketch_15173,0.001,2,1.2682215048356182
countsketch_15173,0.001,4,1.6643187644837347
countsketch_15173,0.001,6,1.3728697994382792
countsketch_15173,0.001,mean,1.180567527187876
countsketch_15173,0.01,0,0.412717803271888
countsketch_15173,0.01,2,1.2670955485396798
countsketch_15173,0.01,4,1.6621135736349177
countsketch_15173,0.01,6,1.3676214584395596
countsketch_15173,0.01,mean,1.1773870959715114
countsketch_15173,0.1,0,0.3863653752290603
countsketch_15173,0.1,2,1.2612252182917525
countsketch_15173,0.1,4,1.6516360586423684
countsketch_15173,0.1,6,1.3213634010525142
countsketch_15173,0.1,mean,1.1551475133039237
countsketch_15173,1.0,0,0.3469123904743906
countsketch_15173,1.0,2,1.3261165375632018
countsketch_15173,1.0,4,1.6529310186676025
countsketch_15173,1.0,6,1.1055656704668122
countsketch_15173,1.0,mean,1.1078814042930019
countsketch_15173,10.0,0,0.37875170449065476
countsketch_15173,10.0,2,1.5945127984600085
countsketch_15173,10.0,4,1.6140556616032133
countsketch_15173,10.0,6,0.8420497082478525
countsketch_15173,10.0,mean,1.1073424682004323
countsketch_15173,100.0,0,0.5355268175926738
countsketch_15173,100.0,2,1.5588407438157044
countsketch_15173,100.0,4,1.5478172641813843
countsketch_15173,100.0,6,0.7473869150747835
countsketch_15173,100.0,mean,1.0973929351661365
countsketch_15173,1000.0,0,0.8675671909100903
countsketch_15173,1000.0,2,1.4380226881033058
countsketch_15173,1000.0,4,1.5939479616075722
countsketch_15173,1000.0,6,0.7234208750203174
countsketch_15173,1000.0,mean,1.1557396789103214
countsketch_15173,10000.0,0,1.2645004339639574
countsketch_15173,10000.0,2,1.376343161557892
countsketch_15173,10000.0,4,1.8703202732791082
countsketch_15173,10000.0,6,0.8870953375297473
countsketch_15173,10000.0,mean,1.3495648015826764
countsketch_15173,100000.0,0,1.4512704581225426
countsketch_15173,100000.0,2,1.5976388900924698
countsketch_15173,100000.0,4,2.1441839488178243
countsketch_15173,100000.0,6,1.2580653087423286
countsketch_15173,100000.0,mean,1.6127896514437914
countsketch_15173,1000000.0,0,1.4997912449397681
countsketch_15173,1000000.0,2,1.7038892521621942
countsketch_15173,1000000.0,4,2.224426134311365
countsketch_15173,1000000.0,6,1.4129592754331493
countsketch_15173,1000000.0,mean,1.7102664767116191
countsketch_15187,0.0001,0,1.0635461355630509
countsketch_15187,0.0001,2,1.5479523309386072
countsketch_15187,0.0001,4,2.229357516883247
countsketch_15187,0.0001,6,0.48910478229340043
countsketch_15187,0.0001,mean,1.3324901914195764
countsketch_15187,0.001,0,1.0631371126885445
countsketch_15187,0.001,2,1.547405582157816
countsketch_15187,0.001,4,2.227385152724598
countsketch_15187,0.001,6,0.48925601795192847
countsketch_15187,0.001,mean,1.3317959663807215
countsketch_15187,0.01,0,1.0592006713022903
countsketch_15187,0.01,2,1.5420178134634956
countsketch_15187,0.01,4,2.208368184024612
countsketch_15187,0.01,6,0.4907261187841772
countsketch_15187,0.01,mean,1.325078196893644
countsketch_15187,0.1,0,1.031234867951959
countsketch_15187,0.1,2,1.4952249466599625
countsketch_15187,0.1,4,2.0682174815221903
countsketch_15187,0.1,6,0.5020563184605441
countsketch_15187,0.1,mean,1.274183403648664
countsketch_15187,1.0,0,0.9777984612461182
countsketch_15187,1.0,2,1.3176589030482528
countsketch_15187,1.0,4,1.7237742629590853
countsketch_15187,1.0,6,0.5258123320520531
countsketch_15187,1.0,mean,1.1362609898263774
countsketch_15187,10.0,0,0.8400079941963624
countsketch_15187,10.0,2,1.2662298373377017
countsketch_15187,10.0,4,1.5751065276320158
countsketch_15187,10.0,6,0.5405242437532276
countsketch_15187,10.0,mean,1.0554671507298268
countsketch_15187,100.0,0,0.789102995242414
countsketch_15187,100.0,2,1.2984109991461485
countsketch_15187,100.0,4,1.5896891993317066
countsketch_15187,100.0,6,0.5834279264602386
countsketch_15187,100.0,mean,1.0651577800451268
countsketch_15187,1000.0,0,0.9122154602084851
countsketch_15187,1000.0,2,1.3159004595773007
countsketch_15187,1000.0,4,1.6639084395880794
countsketch_15187,1000.0,6,0.6392801607752524
countsketch_15187,1000.0,mean,1.1328261300372795
countsketch_15187,10000.0,0,1.0964148777794633
countsketch_15187,10000.0,2,1.350625322047153
countsketch_15187,10000.0,4,1.8750660042501544
countsketch_15187,10000.0,6,0.8351291144526529
countsketch_15187,10000.0,mean,1.2893088296323558
countsketch_15187,100000.0,0,1.387941779885509
countsketch_15187,100000.0,2,1.5871645807326127
countsketch_15187,100000.0,4,2.136312461678696
countsketch_15187,100000.0,6,1.250024441190322
countsketch_15187,100000.0,mean,1.590360815871785
countsketch_15187,1000000.0,0,1.4917550644171567
countsketch_15187,1000000.0,2,1.7021647152589343
countsketch_15187,1000000.0,4,2.2232769929427336
countsketch_15187,1000000.0,6,1.4121695073757226
countsketch_15187,1000000.0,mean,1.7073415699986367
countsketch_1152_15161,0.0001,0,0.7790436601983527
countsketch_1152_15161,0.0001,2,1.0943554289657698
countsketch_1152_15161,0.0001,4,1.5754456864656134
countsketch_1152_15161,0.0001,6,0.633681455700993
countsketch_1152_15161,0.0001,mean,1.0206315578326821
countsketch_1152_15161,0.001,0,0.779025546306304
countsketch_1152_15161,0.001,2,1.0943696203633066
countsketch_1152_15161,0.001,4,1.57543176167351
countsketch_1152_15161,0.001,6,0.6336581497526201
countsketch_1152_15161,0.001,mean,1.0206212695239354
countsketch_1152_15161,0.01,0,0.7788462117011223
countsketch_1152_15161,0.01,2,1.0945186065229187
countsketch_1152_15161,0.01,4,1.5752934056089642
countsketch_1152_15161,0.01,6,0.633427859043934
countsketch_1152_15161,0.01,mean,1.0205215207192349
countsketch_1152_15161,0.1,0,0.7771873839643876
countsketch_1152_15161,0.1,2,1.0965147434869376
countsketch_1152_15161,0.1,4,1.5739966710932929
countsketch_1152_15161,0.1,6,0.631346578473781
countsketch_1152_15161,0.1,mean,1.0197613442545996
countsketch_1152_15161,1.0,0,0.7661467735995863
countsketch_1152_15161,1.0,2,1.1208562691819182
countsketch_1152_15161,1.0,4,1.56637856072917
countsketch_1152_15161,1.0,6,0.6187033121650002
countsketch_1152_15161,1.0,mean,1.0180212289189188
countsketch_1152_15161,10.0,0,0.7495776827843673
countsketch_1152_15161,10.0,2,1.189909134962567
countsketch_1152_15161,10.0,4,1.5594199159275566
countsketch_1152_15161,10.0,6,0.5851435538999822
countsketch_1152_15161,10.0,mean,1.0210125718936183
countsketch_1152_15161,100.0,0,0.7676349551273366
countsketch_1152_15161,100.0,2,1.2444260252902448
countsketch_1152_15161,100.0,4,1.6101964128832114
countsketch_1152_15161,100.0,6,0.5400205253822861
countsketch_1152_15161,100.0,mean,1.0405694796707696
countsketch_1152_15161,1000.0,0,0.8718889099462925
countsketch_1152_15161,1000.0,2,1.3099577576436585
countsketch_1152_15161,1000.0,4,1.6873622271226862
countsketch_1152_15161,1000.0,6,0.6070014646638122
countsketch_1152_15161,1000.0,mean,1.1190525898441124
countsketch_1152_15161,10000.0,0,1.0930231043925536
countsketch_1152_15161,10000.0,2,1.3922407858022599
countsketch_1152_15161,10000.0,4,1.8292834044992181
countsketch_1152_15161,10000.0,6,0.7283137181729414
countsketch_1152_15161,10000.0,mean,1.2607152532167434
countsketch_1152_15161,100000.0,0,1.3058637169569
countsketch_1152_15161,100000.0,2,1.4414692535683655
countsketch_1152_15161,100000.0,4,2.036886419228092
countsketch_1152_15161,100000.0,6,0.9477945477278642
countsketch_1152_15161,100000.0,mean,1.4330034843703054
countsketch_1152_15161,1000000.0,0,1.4582317328495527
countsketch_1152_15161,1000000.0,2,1.631819522970606
countsketch_1152_15161,1000000.0,4,2.1910061974809065
countsketch_1152_15161,1000000.0,6,1.314090407659861
countsketch_1152_15161,1000000.0,mean,1.6487869652402314
countsketch_1152_15173,0.0001,0,0.4832916045525425
countsketch_1152_15173,0.0001,2,1.2345956769419182
countsketch_1152_15173,0.0001,4,1.5596037035094337
countsketch_1152_15173,0.0001,6,0.6182727997307063
countsketch_1152_15173,0.0001,mean,0.9739409461836502
countsketch_1152_15173,0.001,0,0.48328913100807874
countsketch_1152_15173,0.001,2,1.2345341897403646
countsketch_1152_15173,0.001,4,1.5596383998146393
countsketch_1152_15173,0.001,6,0.6183016956830374
countsketch_1152_15173,0.001,mean,0.97394085406153
countsketch_1152_15173,0.01,0,0.48327085881710496
countsketch_1152_15173,0.01,2,1.2339272510323835
countsketch_1152_15173,0.01,4,1.5599828928181285
countsketch_1152_15173,0.01,6,0.6185891687256826
countsketch_1152_15173,0.01,mean,0.9739425428483248
countsketch_1152_15173,0.1,0,0.4835333892184498
countsketch_1152_15173,0.1,2,1.2285414373324817
countsketch_1152_15173,0.1,4,1.5631984771248733
countsketch_1152_15173,0.1,6,0.6213126942852925
countsketch_1152_15173,0.1,mean,0.9741464994902743
countsketch_1152_15173,1.0,0,0.4913936472361021
countsketch_1152_15173,1.0,2,1.202751594041829
countsketch_1152_15173,1.0,4,1.5823240906955531
countsketch_1152_15173,1.0,6,0.6384394793580421
countsketch_1152_15173,1.0,mean,0.9787272028328816
countsketch_1152_15173,10.0,0,0.5155112709741264
countsketch_1152_15173,10.0,2,1.1814941736213027
countsketch_1152_15173,10.0,4,1.6071118894531558
countsketch_1152_15173,10.0,6,0.6607029489607238
countsketch_1152_15173,10.0,mean,0.9912050707523272
countsketch_1152_15173,100.0,0,0.5771241607228486
countsketch_1152_15173,100.0,2,1.213188635692599
countsketch_1152_15173,100.0,4,1.6201849484866147
countsketch_1152_15173,100.0,6,0.6354232888200204
countsketch_1152_15173,100.0,mean,1.0114802584305207
countsketch_1152_15173,1000.0,0,0.7278634247899899
countsketch_1152_15173,1000.0,2,1.2696074526545122
countsketch_1152_15173,1000.0,4,1.683966779878648
countsketch_1152_15173,1000.0,6,0.6546385329854935
countsketch_1152_15173,1000.0,mean,1.084019047577161
countsketch_1152_15173,10000.0,0,0.996927917946724
countsketch_1152_15173,10000.0,2,1.3223509008250465
countsketch_1152_15173,10000.0,4,1.8231976322498014
countsketch_1152_15173,10000.0,6,0.7356589090430032
countsketch_1152_15173,10000.0,mean,1.219533840016144
countsketch_1152_15173,100000.0,0,1.2662685582633468
countsketch_1152_15173,100000.0,2,1.3863040562480053
countsketch_1152_15173,100000.0,4,2.0360298158400694
countsketch_1152_15173,100000.0,6,0.938564786785722
countsketch_1152_15173,100000.0,mean,1.406791804284286
countsketch_1152_15173,1000000.0,0,1.4506967178386643
countsketch_1152_15173,1000000.0,2,1.6254462108095018
countsketch_1152_15173,1000000.0,4,2.190501340551459
countsketch_1152_15173,1000000.0,6,1.3103158569009152
countsketch_1152_15173,1000000.0,mean,1.6442400315251353
countsketch_1152_15187,0.0001,0,0.7982607560877116
countsketch_1152_15187,0.0001,2,1.1460037244431507
countsketch_1152_15187,0.0001,4,1.5250427073135637
countsketch_1152_15187,0.0001,6,0.7500811870815626
countsketch_1152_15187,0.0001,mean,1.054847093731497
countsketch_1152_15187,0.001,0,0.7981509097261343
countsketch_1152_15187,0.001,2,1.1460272670463811
countsketch_1152_15187,0.001,4,1.5250493876566236
countsketch_1152_15187,0.001,6,0.7500643218435458
countsketch_1152_15187,0.001,mean,1.0548229715681712
countsketch_1152_15187,0.01,0,0.7970589774806932
countsketch_1152_15187,0.01,2,1.1462604404746641
countsketch_1152_15187,0.01,4,1.5251144008235151
countsketch_1152_15187,0.01,6,0.7498963409043696
countsketch_1152_15187,0.01,mean,1.0545825399208104
countsketch_1152_15187,0.1,0,0.7867839575222119
countsketch_1152_15187,0.1,2,1.148452407054259
countsketch_1152_15187,0.1,4,1.5256169928911714
countsketch_1152_15187,0.1,6,0.7483151877443042
countsketch_1152_15187,0.1,mean,1.0522921363029867
countsketch_1152_15187,1.0,0,0.7242550169762076
countsketch_1152_15187,1.0,2,1.1661489935614668
countsketch_1152_15187,1.0,4,1.5258454110500035
countsketch_1152_15187,1.0,6,0.7409588491221547
countsketch_1152_15187,1.0,mean,1.0393020676774583
countsketch_1152_15187,10.0,0,0.6188737417527417
countsketch_1152_15187,10.0,2,1.2098484226656634
countsketch_1152_15187,10.0,4,1.518902588843192
countsketch_1152_15187,10.0,6,0.7319242882165857
countsketch_1152_15187,10.0,mean,1.0198872603695457
countsketch_1152_15187,100.0,0,0.5919206420736105
countsketch_1152_15187,100.0,2,1.205409159135246
countsketch_1152_15187,100.0,4,1.5214236425659395
countsketch_1152_15187,100.0,6,0.7247068759246738
countsketch_1152_15187,100.0,mean,1.0108650799248675
countsketch_1152_15187,1000.0,0,0.6815111728697089
countsketch_1152_15187,1000.0,2,1.23296129146799
countsketch_1152_15187,1000.0,4,1.5512869527331863
countsketch_1152_15187,1000.0,6,0.7787971642097222
countsketch_1152_15187,1000.0,mean,1.0611391453201517
countsketch_1152_15187,10000.0,0,0.9068571711825674
countsketch_1152_15187,10000.0,2,1.280942286688342
countsketch_1152_15187,10000.0,4,1.7255022605017027
countsketch_1152_15187,10000.0,6,0.8034803291429246
countsketch_1152_15187,10000.0,mean,1.1791955118788842
countsketch_1152_15187,100000.0,0,1.1959019083816371
countsketch_1152_15187,100000.0,2,1.3796870445779994
countsketch_1152_15187,100000.0,4,1.9936737710774124
countsketch_1152_15187,100000.0,6,0.9742572666272451
countsketch_1152_15187,100000.0,mean,1.3858799976660736
countsketch_1152_15187,1000000.0,0,1.4395409761762608
countsketch_1152_15187,1000000.0,2,1.6290718940961626
countsketch_1152_15187,1000000.0,4,2.1847314756282725
countsketch_1152_15187,1000000.0,6,1.3249011844405292
countsketch_1152_15187,1000000.0,mean,1.6445613825853063
countsketch_2304_15161,0.0001,0,0.7833968371786043
countsketch_2304_15161,0.0001,2,1.212915790629018
countsketch_2304_15161,0.0001,4,1.5877503000474236
countsketch_2304_15161,0.0001,6,0.7047244081565113
countsketch_2304_15161,0.0001,mean,1.0721968340028893
countsketch_2304_15161,0.001,0,0.7833869755764904
countsketch_2304_15161,0.001,2,1.2129110824541982
countsketch_2304_15161,0.001,4,1.587750137287589
countsketch_2304_15161,0.001,6,0.7047212482856811
countsketch_2304_15161,0.001,mean,1.0721923609009898
countsketch_2304_15161,0.01,0,0.7832884740179853
countsketch_2304_15161,0.01,2,1.212865213894813
countsketch_2304_15161,0.01,4,1.5877485973463363
countsketch_2304_15161,0.01,6,0.7046896741413545
countsketch_2304_15161,0.01,mean,1.0721479898501223
countsketch_2304_15161,0.1,0,0.7823147784779386
countsketch_2304_15161,0.1,2,1.2125151365345663
countsketch_2304_15161,0.1,4,1.5877416493547496
countsketch_2304_15161,0.1,6,0.7043763819036972
countsketch_2304_15161,0.1,mean,1.071736986567738
countsketch_2304_15161,1.0,0,0.7736469688904083
countsketch_2304_15161,1.0,2,1.2138357501519814
countsketch_2304_15161,1.0,4,1.588267064972439
countsketch_2304_15161,1.0,6,0.7014843622594301
countsketch_2304_15161,1.0,mean,1.0693085365685646
countsketch_2304_15161,10.0,0,0.736856065218929
countsketch_2304_15161,10.0,2,1.2410002479572302
countsketch_2304_15161,10.0,4,1.599944773273217
countsketch_2304_15161,10.0,6,0.6844916296980035
countsketch_2304_15161,10.0,mean,1.065573179036845
countsketch_2304_15161,100.0,0,0.7183777971473844
countsketch_2304_15161,100.0,2,1.2658071367092487
countsketch_2304_15161,100.0,4,1.6378780503390555
countsketch_2304_15161,100.0,6,0.6404294808730003
countsketch_2304_15161,100.0,mean,1.0656231162671723
countsketch_2304_15161,1000.0,0,0.795302382651066
countsketch_2304_15161,1000.0,2,1.2631569717923914
countsketch_2304_15161,1000.0,4,1.6857399372752613
countsketch_2304_15161,1000.0,6,0.6317919608995257
countsketch_2304_15161,1000.0,mean,1.0939978131545611
countsketch_2304_15161,10000.0,0,1.0419819080309216
countsketch_2304_15161,10000.0,2,1.3260758372088393
countsketch_2304_15161,10000.0,4,1.7750117223270316
countsketch_2304_15161,10000.0,6,0.7055806760194697
countsketch_2304_15161,10000.0,mean,1.2121625358965658
countsketch_2304_15161,100000.0,0,1.2712737911842438
countsketch_2304_15161,100000.0,2,1.3723223969194345
countsketch_2304_15161,100000.0,4,1.977233014025332
countsketch_2304_15161,100000.0,6,0.8435192734596607
countsketch_2304_15161,100000.0,mean,1.3660871188971677
countsketch_2304_15161,1000000.0,0,1.4328128793135737
countsketch_2304_15161,1000000.0,2,1.5640152222421415
countsketch_2304_15161,1000000.0,4,2.15927164478072
countsketch_2304_15161,1000000.0,6,1.2224164844857437
countsketch_2304_15161,1000000.0,mean,1.5946290577055449
countsketch_2304_15173,0.0001,0,0.6542263650879715
countsketch_2304_15173,0.0001,2,1.2240521043645234
countsketch_2304_15173,0.0001,4,1.5772884834611811
countsketch_2304_15173,0.0001,6,0.6301554193568983
countsketch_2304_15173,0.0001,mean,1.0214305930676435
countsketch_2304_15173,0.001,0,0.6542263315436737
countsketch_2304_15173,0.001,2,1.2240319558548491
countsketch_2304_15173,0.001,4,1.577295238350923
countsketch_2304_15173,0.001,6,0.6301546925409673
countsketch_2304_15173,0.001,mean,1.0214270545726034
countsketch_2304_15173,0.01,0,0.6542260199938554
countsketch_2304_15173,0.01,2,1.223832332732475
countsketch_2304_15173,0.01,4,1.5773626289714
countsketch_2304_15173,0.01,6,0.6301473830222223
countsketch_2304_15173,0.01,mean,1.021392091179988
countsketch_2304_15173,0.1,0,0.6542242815191307
countsketch_2304_15173,0.1,2,1.222004388519501
countsketch_2304_15173,0.1,4,1.5780213077581446
countsketch_2304_15173,0.1,6,0.6300705004096678
countsketch_2304_15173,0.1,mean,1.0210801195516113
countsketch_2304_15173,1.0,0,0.6540706261679315
countsketch_2304_15173,1.0,2,1.2120534296011805
countsketch_2304_15173,1.0,4,1.5834568906350173
countsketch_2304_15173,1.0,6,0.6291206593066854
countsketch_2304_15173,1.0,mean,1.0196754014277036
countsketch_2304_15173,10.0,0,0.6506538902381548
countsketch_2304_15173,10.0,2,1.2003929760952863
countsketch_2304_15173,10.0,4,1.6033061414839316
countsketch_2304_15173,10.0,6,0.6212286207385997
countsketch_2304_15173,10.0,mean,1.018895407138993
countsketch_2304_15173,100.0,0,0.6796724415416375
countsketch_2304_15173,100.0,2,1.2162839637194536
countsketch_2304_15173,100.0,4,1.6299475857541497
countsketch_2304_15173,100.0,6,0.5922559213892877
countsketch_2304_15173,100.0,mean,1.0295399781011323
countsketch_2304_15173,1000.0,0,0.7972610068529636
countsketch_2304_15173,1000.0,2,1.2438345346941637
countsketch_2304_15173,1000.0,4,1.680567271769991
countsketch_2304_15173,1000.0,6,0.6043945555393652
countsketch_2304_15173,1000.0,mean,1.081514342214121
countsketch_2304_15173,10000.0,0,1.0180744812895812
countsketch_2304_15173,10000.0,2,1.308400741166069
countsketch_2304_15173,10000.0,4,1.791896282067242
countsketch_2304_15173,10000.0,6,0.7094896962960051
countsketch_2304_15173,10000.0,mean,1.2069653002047245
countsketch_2304_15173,100000.0,0,1.2442355536855856
countsketch_2304_15173,100000.0,2,1.3596780535990007
countsketch_2304_15173,100000.0,4,1.9850479595432704
countsketch_2304_15173,100000.0,6,0.8701485231176883
countsketch_2304_15173,100000.0,mean,1.3647775224863863
countsketch_2304_15173,1000000.0,0,1.4251344879495065
countsketch_2304_15173,1000000.0,2,1.570728478074418
countsketch_2304_15173,1000000.0,4,2.161223278135039
countsketch_2304_15173,1000000.0,6,1.233533256481037
countsketch_2304_15173,1000000.0,mean,1.5976548751600002
countsketch_2304_15187,0.0001,0,0.7244148506530879
countsketch_2304_15187,0.0001,2,1.1190843008543383
countsketch_2304_15187,0.0001,4,1.5182236492498877
countsketch_2304_15187,0.0001,6,0.6898375647902953
countsketch_2304_15187,0.0001,mean,1.0128900913869023
countsketch_2304_15187,0.001,0,0.7244037690518798
countsketch_2304_15187,0.001,2,1.1190797733335702
countsketch_2304_15187,0.001,4,1.5182262217933489
countsketch_2304_15187,0.001,6,0.6898261947614273
countsketch_2304_15187,0.001,mean,1.0128839897350566
countsketch_2304_15187,0.01,0,0.7242929585452073
countsketch_2304_15187,0.01,2,1.1190351274468424
countsketch_2304_15187,0.01,4,1.5182518415417923
countsketch_2304_15187,0.01,6,0.6897126327758755
countsketch_2304_15187,0.01,mean,1.0128231400774292
countsketch_2304_15187,0.1,0,0.7231863386580916
countsketch_2304_15187,0.1,2,1.118646391739783
countsketch_2304_15187,0.1,4,1.518498205435098
countsketch_2304_15187,0.1,6,0.6885919619341725
countsketch_2304_15187,0.1,mean,1.0122307244417863
countsketch_2304_15187,1.0,0,0.7127035903981661
countsketch_2304_15187,1.0,2,1.1177534376159233
countsketch_2304_15187,1.0,4,1.5203764886328646
countsketch_2304_15187,1.0,6,0.6790321886122636
countsketch_2304_15187,1.0,mean,1.0074664263148043
countsketch_2304_15187,10.0,0,0.6583379777522299
countsketch_2304_15187,10.0,2,1.1319302455793974
countsketch_2304_15187,10.0,4,1.527802928960169
countsketch_2304_15187,10.0,6,0.6415081678621715
countsketch_2304_15187,10.0,mean,0.9898948300384918
countsketch_2304_15187,100.0,0,0.6057475392047533
countsketch_2304_15187,100.0,2,1.159084882563032
countsketch_2304_15187,100.0,4,1.538109913189694
countsketch_2304_15187,100.0,6,0.6065403485073726
countsketch_2304_15187,100.0,mean,0.977370670866213
countsketch_2304_15187,1000.0,0,0.6711321312795359
countsketch_2304_15187,1000.0,2,1.195850084815666
countsketch_2304_15187,1000.0,4,1.5635667251127794
countsketch_2304_15187,1000.0,6,0.645569567274073
countsketch_2304_15187,1000.0,mean,1.0190296271205135
countsketch_2304_15187,10000.0,0,0.8783868624892645
countsketch_2304_15187,10000.0,2,1.283686150839935
countsketch_2304_15187,10000.0,4,1.696598077478498
countsketch_2304_15187,10000.0,6,0.7465876628525496
countsketch_2304_15187,10000.0,mean,1.1513146884150618
countsketch_2304_15187,100000.0,0,1.142392894299816
countsketch_2304_15187,100000.0,2,1.3420588879692745
countsketch_2304_15187,100000.0,4,1.9449889071957631
countsketch_2304_15187,100000.0,6,0.8867732602817106
countsketch_2304_15187,100000.0,mean,1.329053487436641
countsketch_2304_15187,1000000.0,0,1.4010838697305983
countsketch_2304_15187,1000000.0,2,1.5717963893034435
countsketch_2304_15187,1000000.0,4,2.1529766203001484
countsketch_2304_15187,1000000.0,6,1.2434317262385524
countsketch_2304_15187,1000000.0,mean,1.5923221513931856
channel_mean,0.0001,0,0.8974690057453014
channel_mean,0.0001,2,3.4451180475959364
channel_mean,0.0001,4,1.4024145931113352
channel_mean,0.0001,6,2.092290632740117
channel_mean,0.0001,mean,1.9593230697981725
channel_mean,0.001,0,0.8463858927260793
channel_mean,0.001,2,2.824527773011059
channel_mean,0.001,4,1.3448507851889466
channel_mean,0.001,6,1.7658568051609487
channel_mean,0.001,mean,1.6954053140217584
channel_mean,0.01,0,0.7626992286709613
channel_mean,0.01,2,2.0843347265402383
channel_mean,0.01,4,1.3265786628640939
channel_mean,0.01,6,1.2637371150690135
channel_mean,0.01,mean,1.3593374332860768
channel_mean,0.1,0,0.6998530051014192
channel_mean,0.1,2,1.7788059712730324
channel_mean,0.1,4,1.3625496296065602
channel_mean,0.1,6,0.9908304924065109
channel_mean,0.1,mean,1.2080097745968807
channel_mean,1.0,0,0.6531408719553112
channel_mean,1.0,2,1.7787810780362971
channel_mean,1.0,4,1.3083437125817683
channel_mean,1.0,6,0.7895032652552327
channel_mean,1.0,mean,1.1324422319571523
channel_mean,10.0,0,0.7278058886077384
channel_mean,10.0,2,1.6629865744355135
channel_mean,10.0,4,1.30721084441031
channel_mean,10.0,6,0.7714284199272367
channel_mean,10.0,mean,1.1173579318451996
channel_mean,100.0,0,1.0355124196951249
channel_mean,100.0,2,1.6132240083397857
channel_mean,100.0,4,1.6002794353713492
channel_mean,100.0,6,0.9788151571699645
channel_mean,100.0,mean,1.306957755144056
channel_mean,1000.0,0,1.547824295296914
channel_mean,1000.0,2,1.5567900650270696
channel_mean,1000.0,4,2.1837486205897743
channel_mean,1000.0,6,0.9960971153621985
channel_mean,1000.0,mean,1.5711150240689893
channel_mean,10000.0,0,1.7571868474744974
channel_mean,10000.0,2,1.484550134705172
channel_mean,10000.0,4,2.4125565270261213
channel_mean,10000.0,6,0.8107191299010017
channel_mean,10000.0,mean,1.6162531597766983
channel_mean,100000.0,0,1.5464588081862898
channel_mean,100000.0,2,1.489163095518771
channel_mean,100000.0,4,2.2622322961061285
channel_mean,100000.0,6,0.9793580464519234
channel_mean,100000.0,mean,1.5693030615657781
channel_mean,1000000.0,0,1.5016824881283
channel_mean,1000000.0,2,1.6673036483685635
channel_mean,1000000.0,4,2.2324039326551954
channel_mean,1000000.0,6,1.3491685930980835
channel_mean,1000000.0,mean,1.6876396655625356
coordinate_moments_degree1,0.0001,0,0.6232766286078123
coordinate_moments_degree1,0.0001,2,0.8863438187716841
coordinate_moments_degree1,0.0001,4,1.5013556994947743
coordinate_moments_degree1,0.0001,6,0.08245360912204087
coordinate_moments_degree1,0.0001,mean,0.7733574389990779
coordinate_moments_degree1,0.001,0,0.6232188084725064
coordinate_moments_degree1,0.001,2,0.8862781288949461
coordinate_moments_degree1,0.001,4,1.5012970303706048
coordinate_moments_degree1,0.001,6,0.082518627416617
coordinate_moments_degree1,0.001,mean,0.7733281487886686
coordinate_moments_degree1,0.01,0,0.6226060562622369
coordinate_moments_degree1,0.01,2,0.8855634210985084
coordinate_moments_degree1,0.01,4,1.5007184222474321
coordinate_moments_degree1,0.01,6,0.0831500400349637
coordinate_moments_degree1,0.01,mean,0.7730094849107852
coordinate_moments_degree1,0.1,0,0.6150964848247368
coordinate_moments_degree1,0.1,2,0.8771889428785805
coordinate_moments_degree1,0.1,4,1.4957567637264884
coordinate_moments_degree1,0.1,6,0.08811140926115105
coordinate_moments_degree1,0.1,mean,0.7690384001727392
coordinate_moments_degree1,1.0,0,0.5624581718535445
coordinate_moments_degree1,1.0,2,0.843412744753656
coordinate_moments_degree1,1.0,4,1.4765938117411914
coordinate_moments_degree1,1.0,6,0.10904981158184827
coordinate_moments_degree1,1.0,mean,0.74787863498256
coordinate_moments_degree1,10.0,0,0.47431294448066147
coordinate_moments_degree1,10.0,2,0.8385597758455607
coordinate_moments_degree1,10.0,4,1.44706991185672
coordinate_moments_degree1,10.0,6,0.14188371902463567
coordinate_moments_degree1,10.0,mean,0.7254565878018945
coordinate_moments_degree1,100.0,0,0.4334387407179029
coordinate_moments_degree1,100.0,2,0.8783333977979882
coordinate_moments_degree1,100.0,4,1.388926221699545
coordinate_moments_degree1,100.0,6,0.1840421362051642
coordinate_moments_degree1,100.0,mean,0.7211851241051501
coordinate_moments_degree1,1000.0,0,0.4494037231863653
coordinate_moments_degree1,1000.0,2,0.9825551794963187
coordinate_moments_degree1,1000.0,4,1.3293202320657653
coordinate_moments_degree1,1000.0,6,0.3225010397641712
coordinate_moments_degree1,1000.0,mean,0.7709450436281551
coordinate_moments_degree1,10000.0,0,0.6187954740054624
coordinate_moments_degree1,10000.0,2,1.2414015140959613
coordinate_moments_degree1,10000.0,4,1.3391517455366706
coordinate_moments_degree1,10000.0,6,0.5647457855130008
coordinate_moments_degree1,10000.0,mean,0.9410236297877738
coordinate_moments_degree1,100000.0,0,0.9408510642582825
coordinate_moments_degree1,100000.0,2,1.4062753073705831
coordinate_moments_degree1,100000.0,4,1.6349029330873526
coordinate_moments_degree1,100000.0,6,0.8770082950786399
coordinate_moments_degree1,100000.0,mean,1.2147593999487145
coordinate_moments_degree1,1000000.0,0,1.3694547220057154
coordinate_moments_degree1,1000000.0,2,1.6261009466601413
coordinate_moments_degree1,1000000.0,4,2.092343144365294
coordinate_moments_degree1,1000000.0,6,1.2989011686841614
coordinate_moments_degree1,1000000.0,mean,1.5966999954288281
coordinate_moments_degree2,0.0001,0,0.6514352044624243
coordinate_moments_degree2,0.0001,2,0.943496699880225
coordinate_moments_degree2,0.0001,4,1.5222068927889032
coordinate_moments_degree2,0.0001,6,0.15628263813486123
coordinate_moments_degree2,0.0001,mean,0.8183553588166035
coordinate_moments_degree2,0.001,0,0.6513872720513207
coordinate_moments_degree2,0.001,2,0.9435379845290504
coordinate_moments_degree2,0.001,4,1.5222062678832757
coordinate_moments_degree2,0.001,6,0.15628994229485998
coordinate_moments_degree2,0.001,mean,0.8183553666896267
coordinate_moments_degree2,0.01,0,0.6509148335182644
coordinate_moments_degree2,0.01,2,0.9439370585452026
coordinate_moments_degree2,0.01,4,1.5221998043710883
coordinate_moments_degree2,0.01,6,0.15636105878524542
coordinate_moments_degree2,0.01,mean,0.8183531888049502
coordinate_moments_degree2,0.1,0,0.646791682256796
coordinate_moments_degree2,0.1,2,0.9469056967355577
coordinate_moments_degree2,0.1,4,1.5221126530805185
coordinate_moments_degree2,0.1,6,0.15693122814439686
coordinate_moments_degree2,0.1,mean,0.8181853150543172
coordinate_moments_degree2,1.0,0,0.6286268970847535
coordinate_moments_degree2,1.0,2,0.9531427325190777
coordinate_moments_degree2,1.0,4,1.519912919006111
coordinate_moments_degree2,1.0,6,0.1600490539944384
coordinate_moments_degree2,1.0,mean,0.8154329006510952
coordinate_moments_degree2,10.0,0,0.5930983826250625
coordinate_moments_degree2,10.0,2,0.9572864062846963
coordinate_moments_degree2,10.0,4,1.5036115237404433
coordinate_moments_degree2,10.0,6,0.1857340687286871
coordinate_moments_degree2,10.0,mean,0.8099325953447224
coordinate_moments_degree2,100.0,0,0.567744662533171
coordinate_moments_degree2,100.0,2,0.9953079313579215
coordinate_moments_degree2,100.0,4,1.4710521384192927
coordinate_moments_degree2,100.0,6,0.26289819141155557
coordinate_moments_degree2,100.0,mean,0.8242507309304852
coordinate_moments_degree2,1000.0,0,0.6168793294538619
coordinate_moments_degree2,1000.0,2,1.1088637876844443
coordinate_moments_degree2,1000.0,4,1.4233590304022798
coordinate_moments_degree2,1000.0,6,0.45497606565072224
coordinate_moments_degree2,1000.0,mean,0.9010195532978271
coordinate_moments_degree2,10000.0,0,0.8575742488055066
coordinate_moments_degree2,10000.0,2,1.3810657890913076
coordinate_moments_degree2,10000.0,4,1.5249408697969409
coordinate_moments_degree2,10000.0,6,0.696631023776593
coordinate_moments_degree2,10000.0,mean,1.115052982867587
coordinate_moments_degree2,100000.0,0,1.2148930391251223
coordinate_moments_degree2,100000.0,2,1.5117853498909402
coordinate_moments_degree2,100000.0,4,1.8387771547013865
coordinate_moments_degree2,100000.0,6,0.8421459581462073
coordinate_moments_degree2,100000.0,mean,1.351900375465914
coordinate_moments_degree2,1000000.0,0,1.4162404135824447
coordinate_moments_degree2,1000000.0,2,1.5939768560556238
coordinate_moments_degree2,1000000.0,4,2.115559658888981
coordinate_moments_degree2,1000000.0,6,1.209964502694965
coordinate_moments_degree2,1000000.0,mean,1.5839353578055035
spatial_pool_4x4,0.0001,0,0.5261066889262672
spatial_pool_4x4,0.0001,2,1.113543440720656
spatial_pool_4x4,0.0001,4,1.5120355203408766
spatial_pool_4x4,0.0001,6,0.4013337029222054
spatial_pool_4x4,0.0001,mean,0.8882548382275013
spatial_pool_4x4,0.001,0,0.5260894955468518
spatial_pool_4x4,0.001,2,1.1135756838645545
spatial_pool_4x4,0.001,4,1.5120207609909895
spatial_pool_4x4,0.001,6,0.40134142423941405
spatial_pool_4x4,0.001,mean,0.8882568411604524
spatial_pool_4x4,0.01,0,0.5259183128049485
spatial_pool_4x4,0.01,2,1.1138946962470961
spatial_pool_4x4,0.01,4,1.511873998170188
spatial_pool_4x4,0.01,6,0.401418136573985
spatial_pool_4x4,0.01,mean,0.8882762859490544
spatial_pool_4x4,0.1,0,0.5242785158005937
spatial_pool_4x4,0.1,2,1.1167867806649827
spatial_pool_4x4,0.1,4,1.5104831505631882
spatial_pool_4x4,0.1,6,0.4021377133501052
spatial_pool_4x4,0.1,mean,0.8884215400947173
spatial_pool_4x4,1.0,0,0.5127473199340976
spatial_pool_4x4,1.0,2,1.1330102368398962
spatial_pool_4x4,1.0,4,1.5009766810310963
spatial_pool_4x4,1.0,6,0.40619081601682894
spatial_pool_4x4,1.0,mean,0.8882312634554796
spatial_pool_4x4,10.0,0,0.4840405270808143
spatial_pool_4x4,10.0,2,1.1705468294640622
spatial_pool_4x4,10.0,4,1.4763609640072888
spatial_pool_4x4,10.0,6,0.40064716265844286
spatial_pool_4x4,10.0,mean,0.8828988708026521
spatial_pool_4x4,100.0,0,0.4827851014007705
spatial_pool_4x4,100.0,2,1.2101359622035268
spatial_pool_4x4,100.0,4,1.4597805020026593
spatial_pool_4x4,100.0,6,0.40501717937349996
spatial_pool_4x4,100.0,mean,0.8894296862451141
spatial_pool_4x4,1000.0,0,0.5955846893678711
spatial_pool_4x4,1000.0,2,1.2565602638964293
spatial_pool_4x4,1000.0,4,1.4546747373922524
spatial_pool_4x4,1000.0,6,0.5171450096402191
spatial_pool_4x4,1000.0,mean,0.955991175074193
spatial_pool_4x4,10000.0,0,0.9128976037375243
spatial_pool_4x4,10000.0,2,1.4513263403944574
spatial_pool_4x4,10000.0,4,1.6134011835247748
spatial_pool_4x4,10000.0,6,0.720084660988004
spatial_pool_4x4,10000.0,mean,1.17442744716119
spatial_pool_4x4,100000.0,0,1.254374096461469
spatial_pool_4x4,100000.0,2,1.5119451260723793
spatial_pool_4x4,100000.0,4,1.9567012330314477
spatial_pool_4x4,100000.0,6,0.7813806491673593
spatial_pool_4x4,100000.0,mean,1.3761002761831638
spatial_pool_4x4,1000000.0,0,1.4143566444859335
spatial_pool_4x4,1000000.0,2,1.4872888161995692
spatial_pool_4x4,1000000.0,4,2.13691418854695
spatial_pool_4x4,1000000.0,6,0.9600991645395393
spatial_pool_4x4,1000000.0,mean,1.4996647034429977
oracle_patch_geometry,0.0001,0,0.05583640518268612
oracle_patch_geometry,0.0001,2,1.5743121584311084
oracle_patch_geometry,0.0001,4,2.846071120515137
oracle_patch_geometry,0.0001,6,0.0529076082749162
oracle_patch_geometry,0.0001,mean,1.132281823100962
oracle_patch_geometry,0.001,0,0.05581587201915155
oracle_patch_geometry,0.001,2,1.5742933039479552
oracle_patch_geometry,0.001,4,2.8447634167523046
oracle_patch_geometry,0.001,6,0.052922845689135266
oracle_patch_geometry,0.001,mean,1.1319488596021365
oracle_patch_geometry,0.01,0,0.0556315264799602
oracle_patch_geometry,0.01,2,1.574118565097037
oracle_patch_geometry,0.01,4,2.8318717455740456
oracle_patch_geometry,0.01,6,0.05307524922518447
oracle_patch_geometry,0.01,mean,1.1286742715940568
oracle_patch_geometry,0.1,0,0.055239284168107486
oracle_patch_geometry,0.1,2,1.573618018191022
oracle_patch_geometry,0.1,4,2.7191159133788103
oracle_patch_geometry,0.1,6,0.05460142807209876
oracle_patch_geometry,0.1,mean,1.1006436609525097
oracle_patch_geometry,1.0,0,0.0768964650470717
oracle_patch_geometry,1.0,2,1.6216299955400781
oracle_patch_geometry,1.0,4,2.2403888979069864
oracle_patch_geometry,1.0,6,0.0696452025742309
oracle_patch_geometry,1.0,mean,1.0021401402670918
oracle_patch_geometry,10.0,0,0.2982791994579057
oracle_patch_geometry,10.0,2,1.8700660883784301
oracle_patch_geometry,10.0,4,1.6512011722583881
oracle_patch_geometry,10.0,6,0.1776650902612204
oracle_patch_geometry,10.0,mean,0.9993028875889861
oracle_patch_geometry,100.0,0,0.6134315285108217
oracle_patch_geometry,100.0,2,2.011263292852492
oracle_patch_geometry,100.0,4,1.378448643433659
oracle_patch_geometry,100.0,6,0.48426017885625133
oracle_patch_geometry,100.0,mean,1.121850910913306
oracle_patch_geometry,1000.0,0,0.7859001849708327
oracle_patch_geometry,1000.0,2,1.958511204073302
oracle_patch_geometry,1000.0,4,1.6120373776697818
oracle_patch_geometry,1000.0,6,0.7959708364927652
oracle_patch_geometry,1000.0,mean,1.2881049008016705
oracle_patch_geometry,10000.0,0,1.2741146299048807
oracle_patch_geometry,10000.0,2,1.7579566728102756
oracle_patch_geometry,10000.0,4,2.063838296673274
oracle_patch_geometry,10000.0,6,1.2663815519082189
oracle_patch_geometry,10000.0,mean,1.5905727878241622
oracle_patch_geometry,100000.0,0,1.4774244851723446
oracle_patch_geometry,100000.0,2,1.7231533705620898
oracle_patch_geometry,100000.0,4,2.214663478578602
oracle_patch_geometry,100000.0,6,1.4153621241815046
oracle_patch_geometry,100000.0,mean,1.707650864623635
oracle_patch_geometry,1000000.0,0,1.5036899598212043
oracle_patch_geometry,1000000.0,2,1.7197874447517494
oracle_patch_geometry,1000000.0,4,2.233481481210368
oracle_patch_geometry,1000000.0,6,1.433586660635025
oracle_patch_geometry,1000000.0,mean,1.7226363866045866
