model,split,reader,r2
countsketch_15161,construction,agent_x,0.9959103602087418
countsketch_15161,construction,agent_y,0.9957456299613139
countsketch_15161,construction,block_x,0.9977060913716439
countsketch_15161,construction,block_y,0.9978923120121126
countsketch_15161,construction,block_sin,0.9975818231340761
countsketch_15161,construction,block_cos,0.9981058431544735
countsketch_15161,evaluation_post_hoc,agent_x,0.42007874057093053
countsketch_15161,evaluation_post_hoc,agent_y,-0.10847643071224167
countsketch_15161,evaluation_post_hoc,block_x,-0.14190195201450018
countsketch_15161,evaluation_post_hoc,block_y,0.42412503405571156
countsketch_15161,evaluation_post_hoc,block_sin,-0.02563462720640919
countsketch_15161,evaluation_post_hoc,block_cos,-0.039009385128131235
countsketch_15173,construction,agent_x,0.989491939914677
countsketch_15173,construction,agent_y,0.9915943484424264
countsketch_15173,construction,block_x,0.9956755737984881
countsketch_15173,construction,block_y,0.9955259767145287
countsketch_15173,construction,block_sin,0.9946719691102847
countsketch_15173,construction,block_cos,0.9964526391813633
countsketch_15173,evaluation_post_hoc,agent_x,0.44024701569791425
countsketch_15173,evaluation_post_hoc,agent_y,-0.385321455764684
countsketch_15173,evaluation_post_hoc,block_x,0.20539817390300652
countsketch_15173,evaluation_post_hoc,block_y,0.2776429178271883
countsketch_15173,evaluation_post_hoc,block_sin,0.16612383351237603
countsketch_15173,evaluation_post_hoc,block_cos,-0.0994945046181368
countsketch_15187,construction,agent_x,0.9965311802269866
countsketch_15187,construction,agent_y,0.9952609597949472
countsketch_15187,construction,block_x,0.9980043752175831
countsketch_15187,construction,block_y,0.9983117701696546
countsketch_15187,construction,block_sin,0.9979568447927735
countsketch_15187,construction,block_cos,0.9984630116616252
countsketch_15187,evaluation_post_hoc,agent_x,0.7285953798685418
countsketch_15187,evaluation_post_hoc,agent_y,-1.3585016483507606
countsketch_15187,evaluation_post_hoc,block_x,0.15261253520946572
countsketch_15187,evaluation_post_hoc,block_y,0.48788958594647946
countsketch_15187,evaluation_post_hoc,block_sin,0.10296809410338137
countsketch_15187,evaluation_post_hoc,block_cos,0.40930114380863847
countsketch_192_extended,construction,agent_x,0.9962967752270432
countsketch_192_extended,construction,agent_y,0.9961254498254141
countsketch_192_extended,construction,block_x,0.9982173061429956
countsketch_192_extended,construction,block_y,0.9983350999607977
countsketch_192_extended,construction,block_sin,0.9981398942101658
countsketch_192_extended,construction,block_cos,0.9985735030572436
countsketch_192_extended,evaluation_post_hoc,agent_x,0.6149055898555649
countsketch_192_extended,evaluation_post_hoc,agent_y,-0.5453478549802009
countsketch_192_extended,evaluation_post_hoc,block_x,0.1117134816689036
countsketch_192_extended,evaluation_post_hoc,block_y,0.42168260938508817
countsketch_192_extended,evaluation_post_hoc,block_sin,0.11133007978269915
countsketch_192_extended,evaluation_post_hoc,block_cos,0.12279596186896657
countsketch_1152_15161,construction,agent_x,0.9999892203700073
countsketch_1152_15161,construction,agent_y,0.9999858190281857
countsketch_1152_15161,construction,block_x,0.9999951963109688
countsketch_1152_15161,construction,block_y,0.9999940564675418
countsketch_1152_15161,construction,block_sin,0.9999962482643372
countsketch_1152_15161,construction,block_cos,0.9999949621421466
countsketch_1152_15161,evaluation_post_hoc,agent_x,0.4928693766921922
countsketch_1152_15161,evaluation_post_hoc,agent_y,-0.04250454961752426
countsketch_1152_15161,evaluation_post_hoc,block_x,0.15227361905168968
countsketch_1152_15161,evaluation_post_hoc,block_y,0.37347064582335077
countsketch_1152_15161,evaluation_post_hoc,block_sin,0.22532934317187903
countsketch_1152_15161,evaluation_post_hoc,block_cos,0.1067707303662514
countsketch_1152_15173,construction,agent_x,0.9999999979184371
countsketch_1152_15173,construction,agent_y,0.9999999977665314
countsketch_1152_15173,construction,block_x,0.9999999996655319
countsketch_1152_15173,construction,block_y,0.9999999999823437
countsketch_1152_15173,construction,block_sin,0.9999999998983647
countsketch_1152_15173,construction,block_cos,0.9999999999735456
countsketch_1152_15173,evaluation_post_hoc,agent_x,0.5826309542736181
countsketch_1152_15173,evaluation_post_hoc,agent_y,0.06390174417156003
countsketch_1152_15173,evaluation_post_hoc,block_x,0.12385652233454303
countsketch_1152_15173,evaluation_post_hoc,block_y,0.3548947851530305
countsketch_1152_15173,evaluation_post_hoc,block_sin,0.16600033401707526
countsketch_1152_15173,evaluation_post_hoc,block_cos,0.0958695185450289
countsketch_1152_15187,construction,agent_x,0.998891570830947
countsketch_1152_15187,construction,agent_y,0.9987020623275115
countsketch_1152_15187,construction,block_x,0.9994683405350634
countsketch_1152_15187,construction,block_y,0.9994686951113317
countsketch_1152_15187,construction,block_sin,0.9994119860689803
countsketch_1152_15187,construction,block_cos,0.9995387821966435
countsketch_1152_15187,evaluation_post_hoc,agent_x,0.41098688111289405
countsketch_1152_15187,evaluation_post_hoc,agent_y,-0.5176771074622109
countsketch_1152_15187,evaluation_post_hoc,block_x,0.13758220074991856
countsketch_1152_15187,evaluation_post_hoc,block_y,0.41374226649532797
countsketch_1152_15187,evaluation_post_hoc,block_sin,0.07839970756895553
countsketch_1152_15187,evaluation_post_hoc,block_cos,0.12209175533258709
countsketch_1152_extended,construction,agent_x,0.9998664109636135
countsketch_1152_extended,construction,agent_y,0.9998416837633473
countsketch_1152_extended,construction,block_x,0.9999366531267531
countsketch_1152_extended,construction,block_y,0.9999364191660881
countsketch_1152_extended,construction,block_sin,0.9999312782206159
countsketch_1152_extended,construction,block_cos,0.999944443302756
countsketch_1152_extended,evaluation_post_hoc,agent_x,0.5065492004507978
countsketch_1152_extended,evaluation_post_hoc,agent_y,-0.14142157405496159
countsketch_1152_extended,evaluation_post_hoc,block_x,0.14409227575602157
countsketch_1152_extended,evaluation_post_hoc,block_y,0.3896287077076701
countsketch_1152_extended,evaluation_post_hoc,block_sin,0.1618252214885001
countsketch_1152_extended,evaluation_post_hoc,block_cos,0.11441789033004834
countsketch_2304_15161,construction,agent_x,0.9999570139185225
countsketch_2304_15161,construction,agent_y,0.9999441996717495
countsketch_2304_15161,construction,block_x,0.9999851024584414
countsketch_2304_15161,construction,block_y,0.9999831256141963
countsketch_2304_15161,construction,block_sin,0.999987215035918
countsketch_2304_15161,construction,block_cos,0.9999848097825693
countsketch_2304_15161,evaluation_post_hoc,agent_x,0.531747422762398
countsketch_2304_15161,evaluation_post_hoc,agent_y,-0.1705968724865503
countsketch_2304_15161,evaluation_post_hoc,block_x,0.13594321673929466
countsketch_2304_15161,evaluation_post_hoc,block_y,0.3967588774751011
countsketch_2304_15161,evaluation_post_hoc,block_sin,0.1673272168934904
countsketch_2304_15161,evaluation_post_hoc,block_cos,0.18038394472725472
countsketch_2304_15173,construction,agent_x,0.9999573949193077
countsketch_2304_15173,construction,agent_y,0.9999509020267997
countsketch_2304_15173,construction,block_x,0.9999842038249322
countsketch_2304_15173,construction,block_y,0.9999833536398145
countsketch_2304_15173,construction,block_sin,0.9999853836075058
countsketch_2304_15173,construction,block_cos,0.9999860026272802
countsketch_2304_15173,evaluation_post_hoc,agent_x,0.6086218784919971
countsketch_2304_15173,evaluation_post_hoc,agent_y,-0.07043786203525304
countsketch_2304_15173,evaluation_post_hoc,block_x,0.18747984143401675
countsketch_2304_15173,evaluation_post_hoc,block_y,0.38962976954167294
countsketch_2304_15173,evaluation_post_hoc,block_sin,0.13398026612420755
countsketch_2304_15173,evaluation_post_hoc,block_cos,0.22885318907948038
countsketch_2304_15187,construction,agent_x,0.999567064264694
countsketch_2304_15187,construction,agent_y,0.999427738367817
countsketch_2304_15187,construction,block_x,0.9998092681470925
countsketch_2304_15187,construction,block_y,0.9997758948384486
countsketch_2304_15187,construction,block_sin,0.9998041894607441
countsketch_2304_15187,construction,block_cos,0.9998193828846909
countsketch_2304_15187,evaluation_post_hoc,agent_x,0.5313576468925509
countsketch_2304_15187,evaluation_post_hoc,agent_y,-0.3063860419012274
countsketch_2304_15187,evaluation_post_hoc,block_x,0.19021591838265395
countsketch_2304_15187,evaluation_post_hoc,block_y,0.44596987030037194
countsketch_2304_15187,evaluation_post_hoc,block_sin,0.16943584646220633
countsketch_2304_15187,evaluation_post_hoc,block_cos,0.1915028258012953
countsketch_2304_extended,construction,agent_x,0.9998937406562818
countsketch_2304_extended,construction,agent_y,0.999861718085644
countsketch_2304_extended,construction,block_x,0.9999579012842175
countsketch_2304_extended,construction,block_y,0.9999517031463296
countsketch_2304_extended,construction,block_sin,0.999959624617608
countsketch_2304_extended,construction,block_cos,0.9999600123354969
countsketch_2304_extended,evaluation_post_hoc,agent_x,0.5651634721214747
countsketch_2304_extended,evaluation_post_hoc,agent_y,-0.17762533150885784
countsketch_2304_extended,evaluation_post_hoc,block_x,0.17366965645134946
countsketch_2304_extended,evaluation_post_hoc,block_y,0.41419633248530985
countsketch_2304_extended,evaluation_post_hoc,block_sin,0.15815921463493665
countsketch_2304_extended,evaluation_post_hoc,block_cos,0.20354758935757367
channel_mean,construction,agent_x,0.9934834324385028
channel_mean,construction,agent_y,0.9966799841745763
channel_mean,construction,block_x,0.9976100879969024
channel_mean,construction,block_y,0.9984801515335875
channel_mean,construction,block_sin,0.997248114333246
channel_mean,construction,block_cos,0.9987091994419958
channel_mean,evaluation_post_hoc,agent_x,0.17696159355903118
channel_mean,evaluation_post_hoc,agent_y,-0.3208448853679997
channel_mean,evaluation_post_hoc,block_x,0.02333966043745883
channel_mean,evaluation_post_hoc,block_y,0.26631596703723415
channel_mean,evaluation_post_hoc,block_sin,-0.03617538274733478
channel_mean,evaluation_post_hoc,block_cos,0.11864270420497569
coordinate_moments_degree1,construction,agent_x,0.9984058405555808
coordinate_moments_degree1,construction,agent_y,0.9985184915156557
coordinate_moments_degree1,construction,block_x,0.99855733933694
coordinate_moments_degree1,construction,block_y,0.998685616038643
coordinate_moments_degree1,construction,block_sin,0.998209463098657
coordinate_moments_degree1,construction,block_cos,0.9987683622720773
coordinate_moments_degree1,evaluation_post_hoc,agent_x,0.8385358012636086
coordinate_moments_degree1,evaluation_post_hoc,agent_y,0.4507839847443895
coordinate_moments_degree1,evaluation_post_hoc,block_x,0.20741063123442938
coordinate_moments_degree1,evaluation_post_hoc,block_y,0.5799266191763437
coordinate_moments_degree1,evaluation_post_hoc,block_sin,0.09067005495954494
coordinate_moments_degree1,evaluation_post_hoc,block_cos,0.20620224208753213
coordinate_moments_degree2,construction,agent_x,0.9998645394748358
coordinate_moments_degree2,construction,agent_y,0.9998756741571759
coordinate_moments_degree2,construction,block_x,0.9999183488311723
coordinate_moments_degree2,construction,block_y,0.9999369133201681
coordinate_moments_degree2,construction,block_sin,0.9998986034545225
coordinate_moments_degree2,construction,block_cos,0.9999354761267046
coordinate_moments_degree2,evaluation_post_hoc,agent_x,0.7734295944859535
coordinate_moments_degree2,evaluation_post_hoc,agent_y,0.5008900225794941
coordinate_moments_degree2,evaluation_post_hoc,block_x,0.1901762025657211
coordinate_moments_degree2,evaluation_post_hoc,block_y,0.6493268129149816
coordinate_moments_degree2,evaluation_post_hoc,block_sin,0.10181846926122284
coordinate_moments_degree2,evaluation_post_hoc,block_cos,0.31336260492351065
spatial_pool_4x4,construction,agent_x,0.9999378701408095
spatial_pool_4x4,construction,agent_y,0.9999382707044925
spatial_pool_4x4,construction,block_x,0.9999748256086668
spatial_pool_4x4,construction,block_y,0.9999772714968701
spatial_pool_4x4,construction,block_sin,0.9999685024734586
spatial_pool_4x4,construction,block_cos,0.9999789014787277
spatial_pool_4x4,evaluation_post_hoc,agent_x,0.7391618211695854
spatial_pool_4x4,evaluation_post_hoc,agent_y,0.17862594417110322
spatial_pool_4x4,evaluation_post_hoc,block_x,0.24155475502597756
spatial_pool_4x4,evaluation_post_hoc,block_y,0.5160092029062506
spatial_pool_4x4,evaluation_post_hoc,block_sin,0.1569176268496656
spatial_pool_4x4,evaluation_post_hoc,block_cos,0.2192003486349594
oracle_patch_geometry,construction,agent_x,0.9974582970308916
oracle_patch_geometry,construction,agent_y,0.9970628132450668
oracle_patch_geometry,construction,block_x,0.9936525331641025
oracle_patch_geometry,construction,block_y,0.9946071970406469
oracle_patch_geometry,construction,block_sin,0.9931631408696908
oracle_patch_geometry,construction,block_cos,0.9942693785135122
oracle_patch_geometry,evaluation_post_hoc,agent_x,0.8717342870002798
oracle_patch_geometry,evaluation_post_hoc,agent_y,0.9116196354913049
oracle_patch_geometry,evaluation_post_hoc,block_x,0.4546145569182527
oracle_patch_geometry,evaluation_post_hoc,block_y,0.45446838573503334
oracle_patch_geometry,evaluation_post_hoc,block_sin,0.191066464582349
oracle_patch_geometry,evaluation_post_hoc,block_cos,-0.32410272431546105
